id,stage_id,old_stage_id,item_id,old_item_id,priority
4,08010,3,070210,77,1
5,08010,3,070110,79,2
6,08010,3,060930,253,3
7,08010,3,030820,337,4
8,08010,3,020610,342,5
9,08010,3,030920,324,6
10,08010,3,030910,320,7
11,08020,4,070510,73,1
12,08020,4,070610,85,2
13,08020,4,061330,221,3
14,08020,4,031320,299,4
15,08020,4,030510,343,5
16,08020,4,030810,335,6
17,08020,4,031310,297,7
18,08020,4,031210,307,8
19,08030,5,070410,91,1
20,08030,5,070310,75,2
21,08030,5,060920,245,3
22,08030,5,030110,347,4
23,08030,5,030710,339,5
24,08030,5,030410,344,6
25,08030,5,030940,332,7
26,08030,5,031340,305,8
27,08040,6,070710,93,1
28,08040,6,070820,71,2
29,08040,6,061320,215,3
30,08040,6,030120,348,4
31,08040,6,021210,309,5
32,08040,6,031330,303,6
33,08040,6,030210,346,7
34,08040,6,030930,328,8
35,08050,7,070940,67,1
36,08050,7,070110,79,2
37,08050,7,060910,241,3
38,08050,7,030820,337,4
39,08050,7,020610,342,5
40,08050,7,030920,324,6
41,08050,7,030910,320,7
42,08060,8,070930,65,1
43,08060,8,070210,77,2
44,08060,8,061310,207,3
45,08060,8,031320,299,4
46,08060,8,030510,343,5
47,08060,8,030810,335,6
48,08060,8,031310,297,7
49,08060,8,031210,307,8
50,08070,9,070920,63,1
51,08070,9,070820,71,2
52,08070,9,061330,221,3
53,08070,9,030110,347,4
54,08070,9,030710,339,5
55,08070,9,030410,344,6
56,08070,9,030940,332,7
57,08070,9,031340,305,8
58,08080,10,071120,87,1
59,08080,10,070710,93,2
60,08080,10,060910,241,3
61,08080,10,030120,348,4
62,08080,10,021210,309,5
63,08080,10,031330,303,6
64,08080,10,030210,346,7
65,08080,10,030930,328,8
66,08090,11,071220,95,1
67,08090,11,070510,73,2
68,08090,11,060930,253,3
69,08090,11,030820,337,4
70,08090,11,020610,342,5
71,08090,11,030920,324,6
72,08090,11,030910,320,7
73,08100,12,071010,89,1
74,08100,12,070110,79,2
75,08100,12,061330,221,3
76,08100,12,031320,299,4
77,08100,12,030510,343,5
78,08100,12,030810,335,6
79,08100,12,031310,297,7
80,08100,12,031210,307,8
81,08110,13,070910,61,1
82,08110,13,070410,91,2
83,08110,13,060920,245,3
84,08110,13,030110,347,4
85,08110,13,030710,339,5
86,08110,13,030410,344,6
87,08110,13,030940,332,7
88,08110,13,031340,305,8
89,08120,14,070920,63,1
90,08120,14,070810,69,2
91,08120,14,061310,207,3
92,08120,14,030120,348,4
93,08120,14,021210,309,5
94,08120,14,031330,303,6
95,08120,14,030210,346,7
96,08120,14,030930,328,8
97,08130,15,071210,81,1
98,08130,15,070310,75,2
99,08130,15,061330,221,3
100,08130,15,030820,337,4
101,08130,15,020610,342,5
102,08130,15,030920,324,6
103,08130,15,030910,320,7
104,08140,16,071110,83,1
105,08140,16,070820,71,2
106,08140,16,061320,215,3
107,08140,16,031320,299,4
108,08140,16,030510,343,5
109,08140,16,030810,335,6
110,08140,16,031310,297,7
111,08140,16,031210,307,8
112,08150,17,070910,61,1
113,08150,17,070610,85,2
114,08150,17,060910,241,3
115,08150,17,030110,347,4
116,08150,17,030710,339,5
117,08150,17,030410,344,6
118,08150,17,030940,332,7
119,08150,17,031340,305,8
120,08011,18,070110,79,1
121,08011,18,050930,255,2
122,08011,18,051320,217,3
123,08011,18,030820,337,4
124,08011,18,020610,342,5
125,08011,18,030920,324,6
126,08011,18,030910,320,7
127,08021,19,070810,69,1
128,08021,19,070910,61,2
129,08021,19,061310,207,3
130,08021,19,031320,299,4
131,08021,19,030510,343,5
132,08021,19,030810,335,6
133,08021,19,031310,297,7
134,08021,19,031210,307,8
135,08031,20,070110,79,1
136,08031,20,051010,239,2
137,08031,20,061330,221,3
138,08031,20,030110,347,4
139,08031,20,030710,339,5
140,08031,20,030410,344,6
141,08031,20,030940,332,7
142,08031,20,031340,305,8
143,09010,21,070810,69,1
144,09010,21,070310,75,2
145,09010,21,070210,77,3
146,09010,21,041330,219,4
147,09010,21,040110,293,5
148,09010,21,040310,283,6
149,09010,21,041110,237,7
150,09010,21,040930,257,8
151,09020,22,070110,79,1
152,09020,22,070820,71,2
153,09020,22,070410,91,3
154,09020,22,040920,251,4
155,09020,22,041340,225,5
156,09020,22,040710,271,6
157,09020,22,041320,211,7
158,09020,22,040610,275,8
159,09030,23,070710,93,1
160,09030,23,070610,85,2
161,09030,23,070510,73,3
162,09030,23,040820,265,4
163,09030,23,041321,213,5
164,09030,23,040810,261,6
165,09030,23,041210,229,7
166,09030,23,040910,249,8
167,09040,24,080610,101,1
168,09040,24,070930,65,2
169,09040,24,061320,215,3
170,09040,24,040920,251,4
171,09040,24,041340,225,5
172,09040,24,040710,271,6
173,09040,24,041320,211,7
174,09040,24,040610,275,8
175,09050,25,080110,97,1
176,09050,25,080310,109,2
177,09050,25,071220,95,3
178,09050,25,040820,265,4
179,09050,25,041321,213,5
180,09050,25,040810,261,6
181,09050,25,041210,229,7
182,09050,25,040910,249,8
183,09060,26,080710,111,1
184,09060,26,080410,113,2
185,09060,26,061330,221,3
186,09060,26,041330,219,4
187,09060,26,040110,293,5
188,09060,26,040310,283,6
189,09060,26,041110,237,7
190,09060,26,040930,257,8
191,09070,27,080510,105,1
192,09070,27,080810,103,2
193,09070,27,070940,67,3
194,09070,27,040920,251,4
195,09070,27,041340,225,5
196,09070,27,040710,271,6
197,09070,27,041320,211,7
198,09070,27,040610,275,8
199,09080,28,080820,107,1
200,09080,28,080210,99,2
201,09080,28,061310,207,3
202,09080,28,040820,265,4
203,09080,28,041321,213,5
204,09080,28,040810,261,6
205,09080,28,041210,229,7
206,09080,28,040910,249,8
207,09090,29,080310,109,1
208,09090,29,071110,83,2
209,09090,29,060920,245,3
210,09090,29,041330,219,4
211,09090,29,040110,293,5
212,09090,29,040310,283,6
213,09090,29,041110,237,7
214,09090,29,040930,257,8
215,09100,30,080610,101,1
216,09100,30,080510,105,2
217,09100,30,061320,215,3
218,09100,30,040920,251,4
219,09100,30,041340,225,5
220,09100,30,040710,271,6
221,09100,30,041320,211,7
222,09100,30,040610,275,8
223,09110,31,080110,97,1
224,09110,31,071120,87,2
225,09110,31,060910,241,3
226,09110,31,040820,265,4
227,09110,31,041321,213,5
228,09110,31,040810,261,6
229,09110,31,041210,229,7
230,09110,31,040910,249,8
231,09120,32,080410,113,1
232,09120,32,080710,111,2
233,09120,32,061330,221,3
234,09120,32,041330,219,4
235,09120,32,040110,293,5
236,09120,32,040310,283,6
237,09120,32,041110,237,7
238,09120,32,040930,257,8
239,09130,33,080810,103,1
240,09130,33,071210,81,2
241,09130,33,060930,253,3
242,09130,33,040920,251,4
243,09130,33,041340,225,5
244,09130,33,040710,271,6
245,09130,33,041320,211,7
246,09130,33,040610,275,8
247,09140,34,080210,99,1
248,09140,34,080820,107,2
249,09140,34,061310,207,3
250,09140,34,040820,265,4
251,09140,34,041321,213,5
252,09140,34,040810,261,6
253,09140,34,041210,229,7
254,09140,34,040910,249,8
255,09150,35,080110,97,1
256,09150,35,080810,103,2
257,09150,35,071010,89,3
258,09150,35,041330,219,4
259,09150,35,040110,293,5
260,09150,35,040310,283,6
261,09150,35,041110,237,7
262,09150,35,040930,257,8
263,09011,36,080510,105,1
264,09011,36,071120,87,2
265,09011,36,061330,221,3
266,09011,36,041330,219,4
267,09011,36,040110,293,5
268,09011,36,040310,283,6
269,09011,36,041110,237,7
270,09011,36,040930,257,8
271,09021,37,080710,111,1
272,09021,37,071210,81,2
273,09021,37,061320,215,3
274,09021,37,040920,251,4
275,09021,37,041340,225,5
276,09021,37,040710,271,6
277,09021,37,041320,211,7
278,09021,37,040610,275,8
279,09031,38,080110,97,1
280,09031,38,071010,89,2
281,09031,38,061310,207,3
282,09031,38,040820,265,4
283,09031,38,041321,213,5
284,09031,38,040810,261,6
285,09031,38,041210,229,7
286,09031,38,040910,249,8
287,10010,39,080710,111,1
288,10010,39,080110,97,2
289,10010,39,071120,87,3
290,10010,39,051120,235,4
291,10010,39,050110,291,5
292,10010,39,050720,269,6
293,10010,39,050930,255,7
294,10010,39,061340,223,8
295,10020,40,080820,107,1
296,10020,40,080610,101,2
297,10020,40,080410,113,3
298,10020,40,050410,295,4
299,10020,40,050210,287,5
300,10020,40,051320,217,6
301,10020,40,050920,247,7
302,10020,40,050610,273,8
303,10030,41,080810,103,1
304,10030,41,080510,105,2
305,10030,41,080210,99,3
306,10030,41,050910,243,4
307,10030,41,051110,233,5
308,10030,41,050710,259,6
309,10030,41,051210,227,7
310,10030,41,050510,279,8
311,10040,42,080940,129,1
312,10040,42,080310,109,2
313,10040,42,071110,83,3
314,10040,42,050410,295,4
315,10040,42,050210,287,5
316,10040,42,051320,217,6
317,10040,42,050920,247,7
318,10040,42,050610,273,8
319,10050,43,080920,121,1
320,10050,43,080910,115,2
321,10050,43,071010,89,3
322,10050,43,050910,243,4
323,10050,43,051110,233,5
324,10050,43,050710,259,6
325,10050,43,051210,227,7
326,10050,43,050510,279,8
327,10060,44,080930,123,1
328,10060,44,071320,125,2
329,10060,44,071220,95,3
330,10060,44,051120,235,4
331,10060,44,050110,291,5
332,10060,44,050720,269,6
333,10060,44,050930,255,7
334,10060,44,061340,223,8
335,10070,45,081210,117,1
336,10070,45,071310,119,2
337,10070,45,071210,81,3
338,10070,45,050410,295,4
339,10070,45,050210,287,5
340,10070,45,051320,217,6
341,10070,45,050920,247,7
342,10070,45,050610,273,8
343,10080,46,081110,131,1
344,10080,46,071330,127,2
345,10080,46,080110,97,3
346,10080,46,050910,243,4
347,10080,46,051110,233,5
348,10080,46,050710,259,6
349,10080,46,051210,227,7
350,10080,46,050510,279,8
351,10090,47,080910,115,1
352,10090,47,071310,119,2
353,10090,47,080810,103,3
354,10090,47,051120,235,4
355,10090,47,050110,291,5
356,10090,47,050720,269,6
357,10090,47,050930,255,7
358,10090,47,061340,223,8
359,10100,48,080920,121,1
360,10100,48,071320,125,2
361,10100,48,080820,107,3
362,10100,48,050410,295,4
363,10100,48,050210,287,5
364,10100,48,051320,217,6
365,10100,48,050920,247,7
366,10100,48,050610,273,8
367,10110,49,080930,123,1
368,10110,49,071330,127,2
369,10110,49,080610,101,3
370,10110,49,050910,243,4
371,10110,49,051110,233,5
372,10110,49,050710,259,6
373,10110,49,051210,227,7
374,10110,49,050510,279,8
375,10120,50,080910,115,1
376,10120,50,071310,119,2
377,10120,50,080710,111,3
378,10120,50,051120,235,4
379,10120,50,050110,291,5
380,10120,50,050720,269,6
381,10120,50,050930,255,7
382,10120,50,061340,223,8
383,10130,51,081210,117,1
384,10130,51,071330,127,2
385,10130,51,080510,105,3
386,10130,51,050410,295,4
387,10130,51,050210,287,5
388,10130,51,051320,217,6
389,10130,51,050920,247,7
390,10130,51,050610,273,8
391,10140,52,081110,131,1
392,10140,52,071320,125,2
393,10140,52,080310,109,3
394,10140,52,050910,243,4
395,10140,52,051110,233,5
396,10140,52,050710,259,6
397,10140,52,051210,227,7
398,10140,52,050510,279,8
399,10150,53,080940,129,1
400,10150,53,071330,127,2
401,10150,53,080410,113,3
402,10150,53,050910,243,4
403,10150,53,051110,233,5
404,10150,53,050710,259,6
405,10150,53,051210,227,7
406,10150,53,050510,279,8
407,10160,54,080910,115,1
408,10160,54,081110,131,2
409,10160,54,071310,119,3
410,10160,54,050910,243,4
411,10160,54,051110,233,5
412,10160,54,050710,259,6
413,10160,54,051210,227,7
414,10160,54,050510,279,8
415,10170,55,080930,123,1
416,10170,55,080940,129,2
417,10170,55,071330,127,3
418,10170,55,051120,235,4
419,10170,55,050110,291,5
420,10170,55,050720,269,6
421,10170,55,050930,255,7
422,10170,55,061340,223,8
423,10011,56,081210,117,1
424,10011,56,071320,125,2
425,10011,56,080820,107,3
426,10011,56,041330,219,4
427,10011,56,040110,293,5
428,10011,56,040310,283,6
429,10011,56,041110,237,7
430,10011,56,040930,257,8
431,10021,57,081110,131,1
432,10021,57,071310,119,2
433,10021,57,080710,111,3
434,10021,57,040920,251,4
435,10021,57,041340,225,5
436,10021,57,040710,271,6
437,10021,57,041320,211,7
438,10021,57,040610,275,8
439,10031,58,080930,123,1
440,10031,58,071330,127,2
441,10031,58,080210,99,3
442,10031,58,040820,265,4
443,10031,58,041321,213,5
444,10031,58,040810,261,6
445,10031,58,041210,229,7
446,10031,58,040910,249,8
447,11010,59,080940,129,1
448,11010,59,080930,123,2
449,11010,59,071330,127,3
450,11010,59,060930,253,4
451,11010,59,060710,267,5
452,11010,59,041330,219,6
453,11010,59,061330,221,7
454,11010,59,060110,289,8
455,11020,60,080920,121,1
456,11020,60,081210,117,2
457,11020,60,071320,125,3
458,11020,60,060210,285,4
459,11020,60,041340,225,5
460,11020,60,060310,281,6
461,11020,60,061320,215,7
462,11020,60,060920,245,8
463,11030,61,080910,115,1
464,11030,61,081110,131,2
465,11030,61,071310,119,3
466,11030,61,061310,207,4
467,11030,61,060910,241,5
468,11030,61,050810,263,6
469,11030,61,041321,213,7
470,11030,61,060510,277,8
471,11040,62,090310,147,1
472,11040,62,080930,123,2
473,11040,62,081210,117,3
474,11040,62,060210,285,4
475,11040,62,041340,225,5
476,11040,62,060310,281,6
477,11040,62,061320,215,7
478,11040,62,060920,245,8
479,11050,63,090610,141,1
480,11050,63,090820,143,2
481,11050,63,080940,129,3
482,11050,63,061310,207,4
483,11050,63,060910,241,5
484,11050,63,050810,263,6
485,11050,63,041321,213,7
486,11050,63,060510,277,8
487,11060,64,090110,133,1
488,11060,64,090710,149,2
489,11060,64,080920,121,3
490,11060,64,060930,253,4
491,11060,64,060710,267,5
492,11060,64,041330,219,6
493,11060,64,061330,221,7
494,11060,64,060110,289,8
495,11070,65,090810,135,1
496,11070,65,090410,145,2
497,11070,65,071330,127,3
498,11070,65,060210,285,4
499,11070,65,041340,225,5
500,11070,65,060310,281,6
501,11070,65,061320,215,7
502,11070,65,060920,245,8
503,11080,66,090510,137,1
504,11080,66,090210,139,2
505,11080,66,080910,115,3
506,11080,66,050810,263,4
507,11080,66,060910,241,5
508,11080,66,050810,263,6
509,11080,66,041321,213,7
510,11080,66,060510,277,8
511,11090,67,090310,147,1
512,11090,67,080940,129,2
513,11090,67,071320,125,3
514,11090,67,060930,253,4
515,11090,67,060710,267,5
516,11090,67,041330,219,6
517,11090,67,061330,221,7
518,11090,67,060110,289,8
519,11100,68,090610,141,1
520,11100,68,081210,117,2
521,11100,68,081110,131,3
522,11100,68,060210,285,4
523,11100,68,041340,225,5
524,11100,68,060310,281,6
525,11100,68,061320,215,7
526,11100,68,060920,245,8
527,11110,69,090820,143,1
528,11110,69,080920,121,2
529,11110,69,071310,119,3
530,11110,69,061310,207,4
531,11110,69,060910,241,5
532,11110,69,050810,263,6
533,11110,69,041321,213,7
534,11110,69,060510,277,8
535,11120,70,090110,133,1
536,11120,70,071330,127,2
537,11120,70,080940,129,3
538,11120,70,060930,253,4
539,11120,70,060710,267,5
540,11120,70,041330,219,6
541,11120,70,061330,221,7
542,11120,70,060110,289,8
543,11130,71,090710,149,1
544,11130,71,081110,131,2
545,11130,71,081210,117,3
546,11130,71,060210,285,4
547,11130,71,041340,225,5
548,11130,71,060310,281,6
549,11130,71,061320,215,7
550,11130,71,060920,245,8
551,11140,72,090810,135,1
552,11140,72,071320,125,2
553,11140,72,080930,123,3
554,11140,72,061310,207,4
555,11140,72,060910,241,5
556,11140,72,050810,263,6
557,11140,72,041321,213,7
558,11140,72,060510,277,8
559,11150,73,090410,145,1
560,11150,73,080910,115,2
561,11150,73,071330,127,3
562,11150,73,061310,207,4
563,11150,73,060910,241,5
564,11150,73,050810,263,6
565,11150,73,041321,213,7
566,11150,73,060510,277,8
567,11160,74,090510,137,1
568,11160,74,071310,119,2
569,11160,74,080920,121,3
570,11160,74,061310,207,4
571,11160,74,060910,241,5
572,11160,74,050810,263,6
573,11160,74,041321,213,7
574,11160,74,060510,277,8
575,11170,75,090210,139,1
576,11170,75,071320,125,2
577,11170,75,080910,115,3
578,11170,75,060930,253,4
579,11170,75,060710,267,5
580,11170,75,041330,219,6
581,11170,75,061330,221,7
582,11170,75,060110,289,8
583,11011,76,090610,141,1
584,11011,76,080930,123,2
585,11011,76,071310,119,3
586,11011,76,060930,253,4
587,11011,76,060710,267,5
588,11011,76,041330,219,6
589,11011,76,061330,221,7
590,11011,76,060110,289,8
591,11021,77,090710,149,1
592,11021,77,080710,111,2
593,11021,77,071330,127,3
594,11021,77,060210,285,4
595,11021,77,041340,225,5
596,11021,77,060310,281,6
597,11021,77,061320,215,7
598,11021,77,060920,245,8
599,11031,78,090110,133,1
600,11031,78,081110,131,2
601,11031,78,071330,127,3
602,11031,78,061310,207,4
603,11031,78,060910,241,5
604,11031,78,050810,263,6
605,11031,78,041321,213,7
606,11031,78,060510,277,8
607,12010,79,090710,149,1
608,12010,79,090110,133,2
609,12010,79,080940,129,3
610,12010,79,071010,89,4
611,12010,79,070110,79,5
612,12010,79,070930,65,6
613,12010,79,070710,93,7
614,12010,79,061330,221,8
615,12020,80,090810,135,1
616,12020,80,090610,141,2
617,12020,80,080930,123,3
618,12020,80,070310,75,4
619,12020,80,070210,77,5
620,12020,80,071120,87,6
621,12020,80,070940,67,7
622,12020,80,061320,215,8
623,12030,81,090820,143,1
624,12030,81,090510,137,2
625,12030,81,080910,115,3
626,12030,81,070820,71,4
627,12030,81,071220,95,5
628,12030,81,070510,73,6
629,12030,81,070920,63,7
630,12030,81,061310,207,8
631,12040,82,090910,151,1
632,12040,82,090310,147,2
633,12040,82,081110,131,3
634,12040,82,070310,75,4
635,12040,82,070210,77,5
636,12040,82,071120,87,6
637,12040,82,070940,67,7
638,12040,82,061320,215,8
639,12050,83,091110,153,1
640,12050,83,090920,155,2
641,12050,83,071330,127,3
642,12050,83,070820,71,4
643,12050,83,071220,95,5
644,12050,83,070510,73,6
645,12050,83,070920,63,7
646,12050,83,061310,207,8
647,12060,84,090930,157,1
648,12060,84,091010,159,2
649,12060,84,071310,119,3
650,12060,84,071010,89,4
651,12060,84,070110,79,5
652,12060,84,070930,65,6
653,12060,84,070710,93,7
654,12060,84,061330,221,8
655,12070,85,091210,161,1
656,12070,85,090910,151,2
657,12070,85,071320,125,3
658,12070,85,070310,75,4
659,12070,85,070210,77,5
660,12070,85,071120,87,6
661,12070,85,070940,67,7
662,12070,85,061320,215,8
663,12080,86,091010,159,1
664,12080,86,091110,153,2
665,12080,86,090410,145,3
666,12080,86,070820,71,4
667,12080,86,071220,95,5
668,12080,86,070510,73,6
669,12080,86,070920,63,7
670,12080,86,061310,207,8
671,12090,87,090920,155,1
672,12090,87,091210,161,2
673,12090,87,090210,139,3
674,12090,87,071010,89,4
675,12090,87,070110,79,5
676,12090,87,070930,65,6
677,12090,87,070710,93,7
678,12090,87,061330,221,8
679,12100,88,091110,153,1
680,12100,88,091310,163,2
681,12100,88,090110,133,3
682,12100,88,070310,75,4
683,12100,88,070210,77,5
684,12100,88,071120,87,6
685,12100,88,070940,67,7
686,12100,88,061320,215,8
687,12110,89,090930,157,1
688,12110,89,091320,165,2
689,12110,89,090820,143,3
690,12110,89,070820,71,4
691,12110,89,071220,95,5
692,12110,89,070510,73,6
693,12110,89,070920,63,7
694,12110,89,061310,207,8
695,12120,90,090920,155,1
696,12120,90,091330,167,2
697,12120,90,090810,135,3
698,12120,90,071010,89,4
699,12120,90,070110,79,5
700,12120,90,070930,65,6
701,12120,90,070710,93,7
702,12120,90,061330,221,8
703,12130,91,091210,161,1
704,12130,91,091320,165,2
705,12130,91,090610,141,3
706,12130,91,070310,75,4
707,12130,91,070210,77,5
708,12130,91,071120,87,6
709,12130,91,070940,67,7
710,12130,91,061320,215,8
711,12140,92,091010,159,1
712,12140,92,091310,163,2
713,12140,92,090710,149,3
714,12140,92,070820,71,4
715,12140,92,071220,95,5
716,12140,92,070510,73,6
717,12140,92,070920,63,7
718,12140,92,061310,207,8
719,12150,93,090910,151,1
720,12150,93,091320,165,2
721,12150,93,090510,137,3
722,12150,93,070820,71,4
723,12150,93,071220,95,5
724,12150,93,070510,73,6
725,12150,93,070920,63,7
726,12150,93,061310,207,8
727,12160,94,090920,155,1
728,12160,94,091330,167,2
729,12160,94,090310,147,3
730,12160,94,070820,71,4
731,12160,94,071220,95,5
732,12160,94,070510,73,6
733,12160,94,070920,63,7
734,12160,94,061310,207,8
735,12170,95,090930,157,1
736,12170,95,091310,163,2
737,12170,95,090410,145,3
738,12170,95,071010,89,4
739,12170,95,070110,79,5
740,12170,95,070930,65,6
741,12170,95,070710,93,7
742,12170,95,061330,221,8
743,12011,96,090930,157,1
744,12011,96,091330,167,2
745,12011,96,090610,141,3
746,12011,96,071010,89,4
747,12011,96,070110,79,5
748,12011,96,070930,65,6
749,12011,96,070710,93,7
750,12011,96,061330,221,8
751,12021,97,090920,155,1
752,12021,97,091320,165,2
753,12021,97,090510,137,3
754,12021,97,070820,71,4
755,12021,97,071220,95,5
756,12021,97,070510,73,6
757,12021,97,070920,63,7
758,12021,97,061310,207,8
759,12031,98,090910,151,1
760,12031,98,091330,167,2
761,12031,98,090110,133,3
762,12031,98,061310,207,4
763,12031,98,060910,241,5
764,12031,98,050810,263,6
765,12031,98,041321,213,7
766,12031,98,060510,277,8
767,13010,99,090930,157,1
768,13010,99,091110,153,2
769,13010,99,091320,165,3
770,13010,99,071010,89,4
771,13010,99,070110,79,5
772,13010,99,070930,65,6
773,13010,99,070710,93,7
774,13010,99,061330,221,8
775,13020,100,091210,161,1
776,13020,100,090920,155,2
777,13020,100,091310,163,3
778,13020,100,070310,75,4
779,13020,100,070210,77,5
780,13020,100,071120,87,6
781,13020,100,070940,67,7
782,13020,100,061320,215,8
783,13030,101,091010,159,1
784,13030,101,090910,151,2
785,13030,101,091330,167,3
786,13030,101,070820,71,4
787,13030,101,071220,95,5
788,13030,101,070510,73,6
789,13030,101,070920,63,7
790,13030,101,061310,207,8
791,13040,102,100310,169,1
792,13040,102,091110,153,2
793,13040,102,090920,155,3
794,13040,102,070310,75,4
795,13040,102,070210,77,5
796,13040,102,071120,87,6
797,13040,102,070940,67,7
798,13040,102,061320,215,8
799,13050,103,100610,171,1
800,13050,103,100810,173,2
801,13050,103,090930,157,3
802,13050,103,070820,71,4
803,13050,103,071220,95,5
804,13050,103,070510,73,6
805,13050,103,070920,63,7
806,13050,103,061310,207,8
807,13060,104,100110,175,1
808,13060,104,100710,177,2
809,13060,104,091210,161,3
810,13060,104,071010,89,4
811,13060,104,070110,79,5
812,13060,104,070930,65,6
813,13060,104,070710,93,7
814,13060,104,061330,221,8
815,13070,105,100820,179,1
816,13070,105,100410,181,2
817,13070,105,091320,165,3
818,13070,105,070310,75,4
819,13070,105,070210,77,5
820,13070,105,071120,87,6
821,13070,105,070940,67,7
822,13070,105,061320,215,8
823,13080,106,100510,183,1
824,13080,106,100210,185,2
825,13080,106,091010,159,3
826,13080,106,070820,71,4
827,13080,106,071220,95,5
828,13080,106,070510,73,6
829,13080,106,070920,63,7
830,13080,106,061310,207,8
831,13090,107,100310,169,1
832,13090,107,090930,157,2
833,13090,107,091310,163,3
834,13090,107,071010,89,4
835,13090,107,070110,79,5
836,13090,107,070930,65,6
837,13090,107,070710,93,7
838,13090,107,061330,221,8
839,13100,108,100610,171,1
840,13100,108,090920,155,2
841,13100,108,090910,151,3
842,13100,108,070310,75,4
843,13100,108,070210,77,5
844,13100,108,071120,87,6
845,13100,108,070940,67,7
846,13100,108,061320,215,8
847,13110,109,100810,173,1
848,13110,109,091210,161,2
849,13110,109,091330,167,3
850,13110,109,070820,71,4
851,13110,109,071220,95,5
852,13110,109,070510,73,6
853,13110,109,070920,63,7
854,13110,109,061310,207,8
855,13120,110,100110,175,1
856,13120,110,091320,165,2
857,13120,110,090930,157,3
858,13120,110,071010,89,4
859,13120,110,070110,79,5
860,13120,110,070930,65,6
861,13120,110,070710,93,7
862,13120,110,061330,221,8
863,13130,111,100710,177,1
864,13130,111,090910,151,2
865,13130,111,090920,155,3
866,13130,111,070310,75,4
867,13130,111,070210,77,5
868,13130,111,071120,87,6
869,13130,111,070940,67,7
870,13130,111,061320,215,8
871,13140,112,100820,179,1
872,13140,112,091310,163,2
873,13140,112,091110,153,3
874,13140,112,070820,71,4
875,13140,112,071220,95,5
876,13140,112,070510,73,6
877,13140,112,070920,63,7
878,13140,112,061310,207,8
879,13150,113,100410,181,1
880,13150,113,091010,159,2
881,13150,113,091320,165,3
882,13150,113,070820,71,4
883,13150,113,071220,95,5
884,13150,113,070510,73,6
885,13150,113,070920,63,7
886,13150,113,061310,207,8
887,13160,114,100510,183,1
888,13160,114,091330,167,2
889,13160,114,091210,161,3
890,13160,114,070820,71,4
891,13160,114,071220,95,5
892,13160,114,070510,73,6
893,13160,114,070920,63,7
894,13160,114,061310,207,8
895,13170,115,100210,185,1
896,13170,115,091310,163,2
897,13170,115,091010,159,3
898,13170,115,071010,89,4
899,13170,115,070110,79,5
900,13170,115,070930,65,6
901,13170,115,070710,93,7
902,13170,115,061330,221,8
903,13011,116,100610,171,1
904,13011,116,090920,155,2
905,13011,116,091330,167,3
906,13011,116,071010,89,4
907,13011,116,070110,79,5
908,13011,116,070930,65,6
909,13011,116,070710,93,7
910,13011,116,061330,221,8
911,13021,117,100810,173,1
912,13021,117,091110,153,2
913,13021,117,091310,163,3
914,13021,117,070310,75,4
915,13021,117,070210,77,5
916,13021,117,071120,87,6
917,13021,117,070940,67,7
918,13021,117,061320,215,8
919,13031,118,100110,175,1
920,13031,118,090110,133,2
921,13031,118,091320,165,3
922,13031,118,070820,71,4
923,13031,118,071220,95,5
924,13031,118,070510,73,6
925,13031,118,070920,63,7
926,13031,118,061310,207,8
927,14010,119,100110,175,1
928,14010,119,100810,173,2
929,14010,119,100610,171,3
930,14010,119,080930,123,4
931,14010,119,080940,129,5
932,14010,119,071330,127,6
933,14010,119,080110,97,7
934,14010,119,080310,109,8
935,14020,120,100510,183,1
936,14020,120,100410,181,2
937,14020,120,100710,177,3
938,14020,120,080910,115,4
939,14020,120,080610,101,5
940,14020,120,080510,105,6
941,14020,120,071310,119,7
942,14020,120,080920,121,8
943,14030,121,100820,179,1
944,14030,121,100310,169,2
945,14030,121,091110,153,3
946,14030,121,071320,125,4
947,14030,121,080810,103,5
948,14030,121,080820,107,6
949,14030,121,081210,117,7
950,14030,121,081110,131,8
951,14040,122,101330,191,1
952,14040,122,100210,185,2
953,14040,122,090930,157,3
954,14040,122,080910,115,4
955,14040,122,080610,101,5
956,14040,122,080510,105,6
957,14040,122,071310,119,7
958,14040,122,080920,121,8
959,14050,123,101340,193,1
960,14050,123,100820,179,2
961,14050,123,091210,161,3
962,14050,123,071320,125,4
963,14050,123,080810,103,5
964,14050,123,080820,107,6
965,14050,123,081210,117,7
966,14050,123,081110,131,8
967,14060,124,101320,189,1
968,14060,124,100610,171,2
969,14060,124,090910,151,3
970,14060,124,080930,123,4
971,14060,124,080940,129,5
972,14060,124,071330,127,6
973,14060,124,080110,97,7
974,14060,124,080310,109,8
975,14070,125,101310,187,1
976,14070,125,100510,183,2
977,14070,125,091010,159,3
978,14070,125,080910,115,4
979,14070,125,080610,101,5
980,14070,125,080510,105,6
981,14070,125,071310,119,7
982,14070,125,080920,121,8
983,14080,126,101330,191,1
984,14080,126,100410,181,2
985,14080,126,091320,165,3
986,14080,126,071320,125,4
987,14080,126,080810,103,5
988,14080,126,080820,107,6
989,14080,126,081210,117,7
990,14080,126,081110,131,8
991,14090,127,101340,193,1
992,14090,127,100810,173,2
993,14090,127,091310,163,3
994,14090,127,080930,123,4
995,14090,127,080940,129,5
996,14090,127,071330,127,6
997,14090,127,080110,97,7
998,14090,127,080310,109,8
999,14100,128,101320,189,1
1000,14100,128,100710,177,2
1001,14100,128,091330,167,3
1002,14100,128,080910,115,4
1003,14100,128,080610,101,5
1004,14100,128,080510,105,6
1005,14100,128,071310,119,7
1006,14100,128,080920,121,8
1007,14110,129,101310,187,1
1008,14110,129,100310,169,2
1009,14110,129,091320,165,3
1010,14110,129,071320,125,4
1011,14110,129,080810,103,5
1012,14110,129,080820,107,6
1013,14110,129,081210,117,7
1014,14110,129,081110,131,8
1015,14120,130,101320,189,1
1016,14120,130,101340,193,2
1017,14120,130,100820,179,3
1018,14120,130,080930,123,4
1019,14120,130,080940,129,5
1020,14120,130,071330,127,6
1021,14120,130,080110,97,7
1022,14120,130,080310,109,8
1023,14130,131,101310,187,1
1024,14130,131,101320,189,2
1025,14130,131,100510,183,3
1026,14130,131,080910,115,4
1027,14130,131,080610,101,5
1028,14130,131,080510,105,6
1029,14130,131,071310,119,7
1030,14130,131,080920,121,8
1031,14140,132,101330,191,1
1032,14140,132,101310,187,2
1033,14140,132,100110,175,3
1034,14140,132,071320,125,4
1035,14140,132,080810,103,5
1036,14140,132,080820,107,6
1037,14140,132,081210,117,7
1038,14140,132,081110,131,8
1039,14011,133,101320,189,1
1040,14011,133,100710,177,2
1041,14011,133,091330,167,3
1042,14011,133,080930,123,4
1043,14011,133,080940,129,5
1044,14011,133,071330,127,6
1045,14011,133,080110,97,7
1046,14011,133,080310,109,8
1047,14021,134,101310,187,1
1048,14021,134,100210,185,2
1049,14021,134,091320,165,3
1050,14021,134,080910,115,4
1051,14021,134,080610,101,5
1052,14021,134,080510,105,6
1053,14021,134,071310,119,7
1054,14021,134,080920,121,8
1055,14031,135,101330,191,1
1056,14031,135,100110,175,2
1057,14031,135,091010,159,3
1058,14031,135,071320,125,4
1059,14031,135,080810,103,5
1060,14031,135,080820,107,6
1061,14031,135,081210,117,7
1062,14031,135,081110,131,8
1063,15010,136,101320,189,1
1064,15010,136,100210,185,2
1065,15010,136,100610,171,3
1066,15010,136,080930,123,4
1067,15010,136,080940,129,5
1068,15010,136,071330,127,6
1069,15010,136,080110,97,7
1070,15010,136,080310,109,8
1071,15020,137,101340,193,1
1072,15020,137,100410,181,2
1073,15020,137,100820,179,3
1074,15020,137,080910,115,4
1075,15020,137,080610,101,5
1076,15020,137,080510,105,6
1077,15020,137,071310,119,7
1078,15020,137,080920,121,8
1079,15030,138,101330,191,1
1080,15030,138,100710,177,2
1081,15030,138,100110,175,3
1082,15030,138,071320,125,4
1083,15030,138,080810,103,5
1084,15030,138,080820,107,6
1085,15030,138,081210,117,7
1086,15030,138,081110,131,8
1087,15040,139,100910,195,1
1088,15040,139,101310,187,2
1089,15040,139,100610,171,3
1090,15040,139,080910,115,4
1091,15040,139,080610,101,5
1092,15040,139,080510,105,6
1093,15040,139,071310,119,7
1094,15040,139,080920,121,8
1095,15050,140,101110,197,1
1096,15050,140,101320,189,2
1097,15050,140,100310,169,3
1098,15050,140,071320,125,4
1099,15050,140,080810,103,5
1100,15050,140,080820,107,6
1101,15050,140,081210,117,7
1102,15050,140,081110,131,8
1103,15060,141,100920,199,1
1104,15060,141,101340,193,2
1105,15060,141,100810,173,3
1106,15060,141,080930,123,4
1107,15060,141,080940,129,5
1108,15060,141,071330,127,6
1109,15060,141,080110,97,7
1110,15060,141,080310,109,8
1111,15070,142,100940,205,1
1112,15070,142,101330,191,2
1113,15070,142,100110,175,3
1114,15070,142,080910,115,4
1115,15070,142,080610,101,5
1116,15070,142,080510,105,6
1117,15070,142,071310,119,7
1118,15070,142,080920,121,8
1119,15080,143,100930,203,1
1120,15080,143,101310,187,2
1121,15080,143,100510,183,3
1122,15080,143,071320,125,4
1123,15080,143,080810,103,5
1124,15080,143,080820,107,6
1125,15080,143,081210,117,7
1126,15080,143,081110,131,8
1127,15090,144,101120,201,1
1128,15090,144,101340,193,2
1129,15090,144,100820,179,3
1130,15090,144,080930,123,4
1131,15090,144,080940,129,5
1132,15090,144,071330,127,6
1133,15090,144,080110,97,7
1134,15090,144,080310,109,8
1135,15100,145,100930,203,1
1136,15100,145,100920,199,2
1137,15100,145,101320,189,3
1138,15100,145,080910,115,4
1139,15100,145,080610,101,5
1140,15100,145,080510,105,6
1141,15100,145,071310,119,7
1142,15100,145,080920,121,8
1143,15110,146,100910,195,1
1144,15110,146,101110,197,2
1145,15110,146,101330,191,3
1146,15110,146,071320,125,4
1147,15110,146,080810,103,5
1148,15110,146,080820,107,6
1149,15110,146,081210,117,7
1150,15110,146,081110,131,8
1151,15120,147,100920,199,1
1152,15120,147,101120,201,2
1153,15120,147,101340,193,3
1154,15120,147,080930,123,4
1155,15120,147,080940,129,5
1156,15120,147,071330,127,6
1157,15120,147,080110,97,7
1158,15120,147,080310,109,8
1159,15130,148,100940,205,1
1160,15130,148,100910,195,2
1161,15130,148,101330,191,3
1162,15130,148,080910,115,4
1163,15130,148,080610,101,5
1164,15130,148,080510,105,6
1165,15130,148,071310,119,7
1166,15130,148,080920,121,8
1167,15140,149,101110,197,1
1168,15140,149,100930,203,2
1169,15140,149,101310,187,3
1170,15140,149,071320,125,4
1171,15140,149,080810,103,5
1172,15140,149,080820,107,6
1173,15140,149,081210,117,7
1174,15140,149,081110,131,8
1175,15011,150,100920,199,1
1176,15011,150,101340,193,2
1177,15011,150,100810,173,3
1178,15011,150,080930,123,4
1179,15011,150,080940,129,5
1180,15011,150,071330,127,6
1181,15011,150,080110,97,7
1182,15011,150,080310,109,8
1183,15021,151,100910,195,1
1184,15021,151,101330,191,2
1185,15021,151,100710,177,3
1186,15021,151,080910,115,4
1187,15021,151,080610,101,5
1188,15021,151,080510,105,6
1189,15021,151,071310,119,7
1190,15021,151,080920,121,8
1191,15031,152,101110,197,1
1192,15031,152,101310,187,2
1193,15031,152,100510,183,3
1194,15031,152,071320,125,4
1195,15031,152,080810,103,5
1196,15031,152,080820,107,6
1197,15031,152,081210,117,7
1198,15031,152,081110,131,8
1199,16010,153,100940,205,1
1200,16010,153,101120,201,2
1201,16010,153,101330,191,3
1202,16010,153,080930,123,4
1203,16010,153,080940,129,5
1204,16010,153,071330,127,6
1205,16010,153,080110,97,7
1206,16010,153,080310,109,8
1207,16020,154,100920,199,1
1208,16020,154,100930,203,2
1209,16020,154,101340,193,3
1210,16020,154,080910,115,4
1211,16020,154,080610,101,5
1212,16020,154,080510,105,6
1213,16020,154,071310,119,7
1214,16020,154,080920,121,8
1215,16030,155,101110,197,1
1216,16030,155,100940,205,2
1217,16030,155,101320,189,3
1218,16030,155,071320,125,4
1219,16030,155,080810,103,5
1220,16030,155,080820,107,6
1221,16030,155,081210,117,7
1222,16030,155,081110,131,8
1223,16040,156,110310,7,1
1224,16040,156,101120,201,2
1225,16040,156,100930,203,3
1226,16040,156,080910,115,4
1227,16040,156,080610,101,5
1228,16040,156,080510,105,6
1229,16040,156,071310,119,7
1230,16040,156,080920,121,8
1231,16050,157,110610,13,1
1232,16050,157,110820,9,2
1233,16050,157,100910,195,3
1234,16050,157,071320,125,4
1235,16050,157,080810,103,5
1236,16050,157,080820,107,6
1237,16050,157,081210,117,7
1238,16050,157,081110,131,8
1239,16060,158,110110,1,1
1240,16060,158,110710,15,2
1241,16060,158,100920,199,3
1242,16060,158,080930,123,4
1243,16060,158,080940,129,5
1244,16060,158,071330,127,6
1245,16060,158,080110,97,7
1246,16060,158,080310,109,8
1247,16070,159,110810,3,1
1248,16070,159,110410,17,2
1249,16070,159,101330,191,3
1250,16070,159,080910,115,4
1251,16070,159,080610,101,5
1252,16070,159,080510,105,6
1253,16070,159,071310,119,7
1254,16070,159,080920,121,8
1255,16080,160,010210,11,1
1256,16080,160,110510,5,2
1257,16080,160,101110,197,3
1258,16080,160,071320,125,4
1259,16080,160,080810,103,5
1260,16080,160,080820,107,6
1261,16080,160,081210,117,7
1262,16080,160,081110,131,8
1263,16090,161,110310,7,1
1264,16090,161,100910,195,2
1265,16090,161,101340,193,3
1266,16090,161,080930,123,4
1267,16090,161,080940,129,5
1268,16090,161,071330,127,6
1269,16090,161,080110,97,7
1270,16090,161,080310,109,8
1271,16100,162,110410,17,1
1272,16100,162,100930,203,2
1273,16100,162,100940,205,3
1274,16100,162,080910,115,4
1275,16100,162,080610,101,5
1276,16100,162,080510,105,6
1277,16100,162,071310,119,7
1278,16100,162,080920,121,8
1279,16110,163,110820,9,1
1280,16110,163,100920,199,2
1281,16110,163,101320,189,3
1282,16110,163,071320,125,4
1283,16110,163,080810,103,5
1284,16110,163,080820,107,6
1285,16110,163,081210,117,7
1286,16110,163,081110,131,8
1287,16120,164,110110,1,1
1288,16120,164,101330,191,2
1289,16120,164,100910,195,3
1290,16120,164,080930,123,4
1291,16120,164,080940,129,5
1292,16120,164,071330,127,6
1293,16120,164,080110,97,7
1294,16120,164,080310,109,8
1295,16130,165,110510,5,1
1296,16130,165,100940,205,2
1297,16130,165,100930,203,3
1298,16130,165,080910,115,4
1299,16130,165,080610,101,5
1300,16130,165,080510,105,6
1301,16130,165,071310,119,7
1302,16130,165,080920,121,8
1303,16140,166,110810,3,1
1304,16140,166,101340,193,2
1305,16140,166,101120,201,3
1306,16140,166,071320,125,4
1307,16140,166,080810,103,5
1308,16140,166,080820,107,6
1309,16140,166,081210,117,7
1310,16140,166,081110,131,8
1311,16011,167,110510,5,1
1312,16011,167,100510,183,2
1313,16011,167,101330,191,3
1314,16011,167,080930,123,4
1315,16011,167,080940,129,5
1316,16011,167,071330,127,6
1317,16011,167,080110,97,7
1318,16011,167,080310,109,8
1319,16021,168,110610,13,1
1320,16021,168,101110,197,2
1321,16021,168,100940,205,3
1322,16021,168,080910,115,4
1323,16021,168,080610,101,5
1324,16021,168,080510,105,6
1325,16021,168,071310,119,7
1326,16021,168,080920,121,8
1327,16031,169,110810,3,1
1328,16031,169,101120,201,2
1329,16031,169,100820,179,3
1330,16031,169,071320,125,4
1331,16031,169,080810,103,5
1332,16031,169,080820,107,6
1333,16031,169,081210,117,7
1334,16031,169,081110,131,8
1335,17010,170,110610,13,1
1336,17010,170,110310,7,2
1337,17010,170,100940,205,3
1338,17010,170,080930,123,4
1339,17010,170,080940,129,5
1340,17010,170,071330,127,6
1341,17010,170,080110,97,7
1342,17010,170,080310,109,8
1343,17020,171,110710,15,1
1344,17020,171,110820,9,2
1345,17020,171,101110,197,3
1346,17020,171,080910,115,4
1347,17020,171,080610,101,5
1348,17020,171,080510,105,6
1349,17020,171,071310,119,7
1350,17020,171,080920,121,8
1351,17030,172,010210,11,1
1352,17030,172,110810,3,2
1353,17030,172,100930,203,3
1354,17030,172,071320,125,4
1355,17030,172,080810,103,5
1356,17030,172,080820,107,6
1357,17030,172,081210,117,7
1358,17030,172,081110,131,8
1359,17040,173,111330,23,1
1360,17040,173,110110,1,2
1361,17040,173,101120,201,3
1362,17040,173,080910,115,4
1363,17040,173,080610,101,5
1364,17040,173,080510,105,6
1365,17040,173,071310,119,7
1366,17040,173,080920,121,8
1367,17050,174,111320,21,1
1368,17050,174,110410,17,2
1369,17050,174,100910,195,3
1370,17050,174,071320,125,4
1371,17050,174,080810,103,5
1372,17050,174,080820,107,6
1373,17050,174,081210,117,7
1374,17050,174,081110,131,8
1375,17060,175,111310,19,1
1376,17060,175,110510,5,2
1377,17060,175,100920,199,3
1378,17060,175,080930,123,4
1379,17060,175,080940,129,5
1380,17060,175,071330,127,6
1381,17060,175,080110,97,7
1382,17060,175,080310,109,8
1383,17070,176,111330,23,1
1384,17070,176,110610,13,2
1385,17070,176,100940,205,3
1386,17070,176,080910,115,4
1387,17070,176,080610,101,5
1388,17070,176,080510,105,6
1389,17070,176,071310,119,7
1390,17070,176,080920,121,8
1391,17080,177,111320,21,1
1392,17080,177,010210,11,2
1393,17080,177,101110,197,3
1394,17080,177,071320,125,4
1395,17080,177,080810,103,5
1396,17080,177,080820,107,6
1397,17080,177,081210,117,7
1398,17080,177,081110,131,8
1399,17090,178,111310,19,1
1400,17090,178,110710,15,2
1401,17090,178,100930,203,3
1402,17090,178,080930,123,4
1403,17090,178,080940,129,5
1404,17090,178,071330,127,6
1405,17090,178,080110,97,7
1406,17090,178,080310,109,8
1407,17100,179,111330,23,1
1408,17100,179,110410,17,2
1409,17100,179,101120,201,3
1410,17100,179,080910,115,4
1411,17100,179,080610,101,5
1412,17100,179,080510,105,6
1413,17100,179,071310,119,7
1414,17100,179,080920,121,8
1415,17110,180,111320,21,1
1416,17110,180,110310,7,2
1417,17110,180,101110,197,3
1418,17110,180,071320,125,4
1419,17110,180,080810,103,5
1420,17110,180,080820,107,6
1421,17110,180,081210,117,7
1422,17110,180,081110,131,8
1423,17120,181,111310,19,1
1424,17120,181,111330,23,2
1425,17120,181,110110,1,3
1426,17120,181,080930,123,4
1427,17120,181,080940,129,5
1428,17120,181,071330,127,6
1429,17120,181,080110,97,7
1430,17120,181,080310,109,8
1431,17130,182,111330,23,1
1432,17130,182,111320,21,2
1433,17130,182,110820,9,3
1434,17130,182,080910,115,4
1435,17130,182,080610,101,5
1436,17130,182,080510,105,6
1437,17130,182,071310,119,7
1438,17130,182,080920,121,8
1439,17140,183,111320,21,1
1440,17140,183,111310,19,2
1441,17140,183,110810,3,3
1442,17140,183,071320,125,4
1443,17140,183,080810,103,5
1444,17140,183,080820,107,6
1445,17140,183,081210,117,7
1446,17140,183,081110,131,8
1447,17011,184,111330,23,1
1448,17011,184,110110,1,2
1449,17011,184,101110,197,3
1450,17011,184,080930,123,4
1451,17011,184,080940,129,5
1452,17011,184,071330,127,6
1453,17011,184,080110,97,7
1454,17011,184,080310,109,8
1455,17021,185,111310,19,1
1456,17021,185,110710,15,2
1457,17021,185,101330,191,3
1458,17021,185,080910,115,4
1459,17021,185,080610,101,5
1460,17021,185,080510,105,6
1461,17021,185,071310,119,7
1462,17021,185,080920,121,8
1463,17031,186,111320,21,1
1464,17031,186,110810,3,2
1465,17031,186,101340,193,3
1466,17031,186,071320,125,4
1467,17031,186,080810,103,5
1468,17031,186,080820,107,6
1469,17031,186,081210,117,7
1470,17031,186,081110,131,8
1471,18010,187,111310,19,1
1472,18010,187,111330,23,2
1473,18010,187,110510,5,3
1474,18010,187,090930,157,4
1475,18010,187,090110,133,5
1476,18010,187,090310,147,6
1477,18010,187,090910,151,7
1478,18010,187,091320,165,8
1479,18020,188,111330,23,1
1480,18020,188,111320,21,2
1481,18020,188,110410,17,3
1482,18020,188,091010,159,4
1483,18020,188,090510,137,5
1484,18020,188,090210,139,6
1485,18020,188,091330,167,7
1486,18020,188,090920,155,8
1487,18030,189,111320,21,1
1488,18030,189,111310,19,2
1489,18030,189,110310,7,3
1490,18030,189,091110,153,4
1491,18030,189,091310,163,5
1492,18030,189,090810,135,6
1493,18030,189,091210,161,7
1494,18030,189,090820,143,8
1495,18040,190,111010,29,1
1496,18040,190,111310,19,2
1497,18040,190,110610,13,3
1498,18040,190,091010,159,4
1499,18040,190,090510,137,5
1500,18040,190,090210,139,6
1501,18040,190,091330,167,7
1502,18040,190,090920,155,8
1503,18050,191,110930,33,1
1504,18050,191,111330,23,2
1505,18050,191,010210,11,3
1506,18050,191,091110,153,4
1507,18050,191,091310,163,5
1508,18050,191,090810,135,6
1509,18050,191,091210,161,7
1510,18050,191,090820,143,8
1511,18060,192,111210,27,1
1512,18060,192,111320,21,2
1513,18060,192,110810,3,3
1514,18060,192,090930,157,4
1515,18060,192,090110,133,5
1516,18060,192,090310,147,6
1517,18060,192,090910,151,7
1518,18060,192,091320,165,8
1519,18070,193,110910,25,1
1520,18070,193,111310,19,2
1521,18070,193,110710,15,3
1522,18070,193,091010,159,4
1523,18070,193,090510,137,5
1524,18070,193,090210,139,6
1525,18070,193,091330,167,7
1526,18070,193,090920,155,8
1527,18080,194,110920,31,1
1528,18080,194,111330,23,2
1529,18080,194,110820,9,3
1530,18080,194,091110,153,4
1531,18080,194,091310,163,5
1532,18080,194,090810,135,6
1533,18080,194,091210,161,7
1534,18080,194,090820,143,8
1535,18090,195,110940,35,1
1536,18090,195,111320,21,2
1537,18090,195,110510,5,3
1538,18090,195,090930,157,4
1539,18090,195,090110,133,5
1540,18090,195,090310,147,6
1541,18090,195,090910,151,7
1542,18090,195,091320,165,8
1543,18100,196,110930,33,1
1544,18100,196,111310,19,2
1545,18100,196,110110,1,3
1546,18100,196,091010,159,4
1547,18100,196,090510,137,5
1548,18100,196,090210,139,6
1549,18100,196,091330,167,7
1550,18100,196,090920,155,8
1551,18110,197,111210,27,1
1552,18110,197,111330,23,2
1553,18110,197,110610,13,3
1554,18110,197,091110,153,4
1555,18110,197,091310,163,5
1556,18110,197,090810,135,6
1557,18110,197,091210,161,7
1558,18110,197,090820,143,8
1559,18120,198,110920,31,1
1560,18120,198,111010,29,2
1561,18120,198,111310,19,3
1562,18120,198,090930,157,4
1563,18120,198,090110,133,5
1564,18120,198,090310,147,6
1565,18120,198,090910,151,7
1566,18120,198,091320,165,8
1567,18130,199,110940,35,1
1568,18130,199,111210,27,2
1569,18130,199,111320,21,3
1570,18130,199,091010,159,4
1571,18130,199,090510,137,5
1572,18130,199,090210,139,6
1573,18130,199,091330,167,7
1574,18130,199,090920,155,8
1575,18140,200,110910,25,1
1576,18140,200,110930,33,2
1577,18140,200,111330,23,3
1578,18140,200,091110,153,4
1579,18140,200,091310,163,5
1580,18140,200,090810,135,6
1581,18140,200,091210,161,7
1582,18140,200,090820,143,8
1583,18011,201,110910,25,1
1584,18011,201,110110,1,2
1585,18011,201,100910,195,3
1586,18011,201,080930,123,4
1587,18011,201,080940,129,5
1588,18011,201,071330,127,6
1589,18011,201,080110,97,7
1590,18011,201,080310,109,8
1591,18021,202,110930,33,1
1592,18021,202,110510,5,2
1593,18021,202,100510,183,3
1594,18021,202,080910,115,4
1595,18021,202,080610,101,5
1596,18021,202,080510,105,6
1597,18021,202,071310,119,7
1598,18021,202,080920,121,8
1599,18031,203,111010,29,1
1600,18031,203,111310,19,2
1601,18031,203,110110,1,3
1602,18031,203,071320,125,4
1603,18031,203,080810,103,5
1604,18031,203,080820,107,6
1605,18031,203,081210,117,7
1606,18031,203,081110,131,8
1607,19010,204,110940,35,1
1608,19010,204,111010,29,2
1609,19010,204,111310,19,3
1610,19010,204,090930,157,4
1611,19010,204,090110,133,5
1612,19010,204,090310,147,6
1613,19010,204,090910,151,7
1614,19010,204,091320,165,8
1615,19020,205,110920,31,1
1616,19020,205,110910,25,2
1617,19020,205,111330,23,3
1618,19020,205,091010,159,4
1619,19020,205,090510,137,5
1620,19020,205,090210,139,6
1621,19020,205,091330,167,7
1622,19020,205,090920,155,8
1623,19030,206,111210,27,1
1624,19030,206,110930,33,2
1625,19030,206,111320,21,3
1626,19030,206,091110,153,4
1627,19030,206,091310,163,5
1628,19030,206,090810,135,6
1629,19030,206,091210,161,7
1630,19030,206,090820,143,8
1631,19040,207,120310,43,1
1632,19040,207,110940,35,2
1633,19040,207,111310,19,3
1634,19040,207,091010,159,4
1635,19040,207,090510,137,5
1636,19040,207,090210,139,6
1637,19040,207,091330,167,7
1638,19040,207,090920,155,8
1639,19050,208,120110,37,1
1640,19050,208,120710,53,2
1641,19050,208,111210,27,3
1642,19050,208,091110,153,4
1643,19050,208,091310,163,5
1644,19050,208,090810,135,6
1645,19050,208,091210,161,7
1646,19050,208,090820,143,8
1647,19060,209,120810,41,1
1648,19060,209,120410,47,2
1649,19060,209,110910,25,3
1650,19060,209,090930,157,4
1651,19060,209,090110,133,5
1652,19060,209,090310,147,6
1653,19060,209,090910,151,7
1654,19060,209,091320,165,8
1655,19070,210,120210,45,1
1656,19070,210,120510,39,2
1657,19070,210,110940,35,3
1658,19070,210,091010,159,4
1659,19070,210,090510,137,5
1660,19070,210,090210,139,6
1661,19070,210,091330,167,7
1662,19070,210,090920,155,8
1663,19080,211,120820,51,1
1664,19080,211,120610,49,2
1665,19080,211,111010,29,3
1666,19080,211,091110,153,4
1667,19080,211,091310,163,5
1668,19080,211,090810,135,6
1669,19080,211,091210,161,7
1670,19080,211,090820,143,8
1671,19090,212,120310,43,1
1672,19090,212,110910,25,2
1673,19090,212,110920,31,3
1674,19090,212,090930,157,4
1675,19090,212,090110,133,5
1676,19090,212,090310,147,6
1677,19090,212,090910,151,7
1678,19090,212,091320,165,8
1679,19100,213,120210,45,1
1680,19100,213,111010,29,2
1681,19100,213,110930,33,3
1682,19100,213,091010,159,4
1683,19100,213,090510,137,5
1684,19100,213,090210,139,6
1685,19100,213,091330,167,7
1686,19100,213,090920,155,8
1687,19110,214,120820,51,1
1688,19110,214,110940,35,2
1689,19110,214,110910,25,3
1690,19110,214,091110,153,4
1691,19110,214,091310,163,5
1692,19110,214,090810,135,6
1693,19110,214,091210,161,7
1694,19110,214,090820,143,8
1695,19120,215,120110,37,1
1696,19120,215,110920,31,2
1697,19120,215,111330,23,3
1698,19120,215,090930,157,4
1699,19120,215,090110,133,5
1700,19120,215,090310,147,6
1701,19120,215,090910,151,7
1702,19120,215,091320,165,8
1703,19130,216,120510,39,1
1704,19130,216,110930,33,2
1705,19130,216,111310,19,3
1706,19130,216,091010,159,4
1707,19130,216,090510,137,5
1708,19130,216,090210,139,6
1709,19130,216,091330,167,7
1710,19130,216,090920,155,8
1711,19140,217,120810,41,1
1712,19140,217,111210,27,2
1713,19140,217,111320,21,3
1714,19140,217,091110,153,4
1715,19140,217,091310,163,5
1716,19140,217,090810,135,6
1717,19140,217,091210,161,7
1718,19140,217,090820,143,8
1719,19011,218,120810,41,1
1720,19011,218,111210,27,2
1721,19011,218,111320,21,3
1722,19011,218,080930,123,4
1723,19011,218,080940,129,5
1724,19011,218,071330,127,6
1725,19011,218,080110,97,7
1726,19011,218,080310,109,8
1727,19021,219,120610,49,1
1728,19021,219,110910,25,2
1729,19021,219,110710,15,3
1730,19021,219,080910,115,4
1731,19021,219,080610,101,5
1732,19021,219,080510,105,6
1733,19021,219,071310,119,7
1734,19021,219,080920,121,8
1735,19031,220,120110,37,1
1736,19031,220,110110,1,2
1737,19031,220,111310,19,3
1738,19031,220,071320,125,4
1739,19031,220,080810,103,5
1740,19031,220,080820,107,6
1741,19031,220,081210,117,7
1742,19031,220,081110,131,8
1743,20010,221,120410,47,1
1744,20010,221,120610,49,2
1745,20010,221,111010,29,3
1746,20010,221,090930,157,4
1747,20010,221,090110,133,5
1748,20010,221,090310,147,6
1749,20010,221,090910,151,7
1750,20010,221,091320,165,8
1751,20020,222,120710,53,1
1752,20020,222,120820,51,2
1753,20020,222,110940,35,3
1754,20020,222,091010,159,4
1755,20020,222,090510,137,5
1756,20020,222,090210,139,6
1757,20020,222,091330,167,7
1758,20020,222,090920,155,8
1759,20030,223,120210,45,1
1760,20030,223,120810,41,2
1761,20030,223,110920,31,3
1762,20030,223,091110,153,4
1763,20030,223,091310,163,5
1764,20030,223,090810,135,6
1765,20030,223,091210,161,7
1766,20030,223,090820,143,8
1767,20040,224,121330,59,1
1768,20040,224,120510,39,2
1769,20040,224,110910,25,3
1770,20040,224,091010,159,4
1771,20040,224,090510,137,5
1772,20040,224,090210,139,6
1773,20040,224,091330,167,7
1774,20040,224,090920,155,8
1775,20050,225,121310,55,1
1776,20050,225,120110,37,2
1777,20050,225,111210,27,3
1778,20050,225,091110,153,4
1779,20050,225,091310,163,5
1780,20050,225,090810,135,6
1781,20050,225,091210,161,7
1782,20050,225,090820,143,8
1783,20060,226,121320,57,1
1784,20060,226,120410,47,2
1785,20060,226,111010,29,3
1786,20060,226,090930,157,4
1787,20060,226,090110,133,5
1788,20060,226,090310,147,6
1789,20060,226,090910,151,7
1790,20060,226,091320,165,8
1791,20070,227,121330,59,1
1792,20070,227,120310,43,2
1793,20070,227,110930,33,3
1794,20070,227,091010,159,4
1795,20070,227,090510,137,5
1796,20070,227,090210,139,6
1797,20070,227,091330,167,7
1798,20070,227,090920,155,8
1799,20080,228,121310,55,1
1800,20080,228,120210,45,2
1801,20080,228,110940,35,3
1802,20080,228,091110,153,4
1803,20080,228,091310,163,5
1804,20080,228,090810,135,6
1805,20080,228,091210,161,7
1806,20080,228,090820,143,8
1807,20090,229,121320,57,1
1808,20090,229,120710,53,2
1809,20090,229,110920,31,3
1810,20090,229,090930,157,4
1811,20090,229,090110,133,5
1812,20090,229,090310,147,6
1813,20090,229,090910,151,7
1814,20090,229,091320,165,8
1815,20100,230,121330,59,1
1816,20100,230,120110,37,2
1817,20100,230,110910,25,3
1818,20100,230,091010,159,4
1819,20100,230,090510,137,5
1820,20100,230,090210,139,6
1821,20100,230,091330,167,7
1822,20100,230,090920,155,8
1823,20110,231,121310,55,1
1824,20110,231,120810,41,2
1825,20110,231,120610,49,3
1826,20110,231,091110,153,4
1827,20110,231,091310,163,5
1828,20110,231,090810,135,6
1829,20110,231,091210,161,7
1830,20110,231,090820,143,8
1831,20120,232,121320,57,1
1832,20120,232,121330,59,2
1833,20120,232,120310,43,3
1834,20120,232,090930,157,4
1835,20120,232,090110,133,5
1836,20120,232,090310,147,6
1837,20120,232,090910,151,7
1838,20120,232,091320,165,8
1839,20130,233,121330,59,1
1840,20130,233,121310,55,2
1841,20130,233,120820,51,3
1842,20130,233,091010,159,4
1843,20130,233,090510,137,5
1844,20130,233,090210,139,6
1845,20130,233,091330,167,7
1846,20130,233,090920,155,8
1847,20140,234,121310,55,1
1848,20140,234,121320,57,2
1849,20140,234,120510,39,3
1850,20140,234,091110,153,4
1851,20140,234,091310,163,5
1852,20140,234,090810,135,6
1853,20140,234,091210,161,7
1854,20140,234,090820,143,8
1855,20011,235,121330,59,1
1856,20011,235,120610,49,2
1857,20011,235,111330,23,3
1858,20011,235,080930,123,4
1859,20011,235,080940,129,5
1860,20011,235,071330,127,6
1861,20011,235,080110,97,7
1862,20011,235,080310,109,8
1863,20021,236,121310,55,1
1864,20021,236,120820,51,2
1865,20021,236,111210,27,3
1866,20021,236,080910,115,4
1867,20021,236,080610,101,5
1868,20021,236,080510,105,6
1869,20021,236,071310,119,7
1870,20021,236,080920,121,8
1871,20031,237,121320,57,1
1872,20031,237,120210,45,2
1873,20031,237,110920,31,3
1874,20031,237,071320,125,4
1875,20031,237,080810,103,5
1876,20031,237,080820,107,6
1877,20031,237,081210,117,7
1878,20031,237,081110,131,8