id,item_id,character_id,position,rank
1,110110,1,1,1
2,010810,1,1,1
3,010810,1,2,1
4,010910,1,3,1
5,011210,1,4,1
6,011310,1,5,1
7,011320,1,6,1
8,030810,1,1,2
9,020810,1,2,2
10,020910,1,3,2
11,021110,1,4,2
12,011310,1,5,2
13,011320,1,6,2
14,040810,1,1,3
15,030810,1,2,3
16,030910,1,3,3
17,031210,1,4,3
18,021310,1,5,3
19,021330,1,6,3
20,050710,1,1,4
21,040810,1,2,4
22,041210,1,3,4
23,041210,1,4,4
24,031310,1,5,4
25,031330,1,6,4
26,050810,1,1,5
27,050710,1,2,5
28,050910,1,3,5
29,051110,1,4,5
30,041320,1,5,5
31,041330,1,6,5
32,070810,1,1,6
33,050810,1,2,6
34,060910,1,3,6
35,051210,1,4,6
36,051310,1,5,6
37,051320,1,6,6
38,080810,1,1,7
39,071220,1,2,7
40,070910,1,3,7
41,061310,1,4,7
42,061320,1,5,7
43,051310,1,6,7
44,090820,1,1,8
45,080810,1,2,8
46,080920,1,3,8
47,071110,1,4,8
48,071310,1,5,8
49,061310,1,6,8
50,100810,1,1,9
51,090820,1,2,9
52,091210,1,3,9
53,080920,1,4,9
54,091310,1,5,9
55,071310,1,6,9
56,110820,1,1,10
57,100810,1,2,10
58,100920,1,3,10
59,091210,1,4,10
60,101340,1,5,10
61,091330,1,6,10
62,120820,1,1,11
63,110820,1,2,11
64,110940,1,3,11
65,101120,1,4,11
66,111320,1,5,11
67,101320,1,6,11
68,120820,1,2,12
69,111210,1,4,12
70,121310,1,5,12
71,111330,1,6,12
72,010310,2,1,1
73,010310,2,2,1
74,010920,2,3,1
75,011010,2,4,1
76,011320,2,5,1
77,011330,2,6,1
78,030120,2,1,2
79,020310,2,2,2
80,020940,2,3,2
81,021210,2,4,2
82,011320,2,5,2
83,011330,2,6,2
84,040310,2,1,3
85,030120,2,2,3
86,030940,2,3,3
87,020510,2,4,3
88,021330,2,5,3
89,021340,2,6,3
90,050110,2,1,4
91,040310,2,2,4
92,040930,2,3,4
93,041110,2,4,4
94,031330,2,5,4
95,031340,2,6,4
96,060310,2,1,5
97,050110,2,2,5
98,050930,2,3,5
99,051010,2,4,5
100,041330,2,5,5
101,041340,2,6,5
102,070310,2,1,6
103,060310,2,2,6
104,060930,2,3,6
105,051010,2,4,6
106,051320,2,5,6
107,061340,2,6,6
108,080310,2,1,7
109,070310,2,2,7
110,070940,2,3,7
111,061330,2,4,7
112,061320,2,5,7
113,061340,2,6,7
114,090310,2,1,8
115,080310,2,2,8
116,080940,2,3,8
117,070110,2,4,8
118,071330,2,5,8
119,061330,2,6,8
120,100310,2,1,9
121,090110,2,2,9
122,091010,2,3,9
123,080110,2,4,9
124,091320,2,5,9
125,071330,2,6,9
126,110310,2,1,10
127,100310,2,2,10
128,100910,2,3,10
129,090110,2,4,10
130,101310,2,5,10
131,091320,2,6,10
132,120310,2,1,11
133,110310,2,2,11
134,110930,2,3,11
135,100110,2,4,11
136,111310,2,5,11
137,101310,2,6,11
138,120310,2,2,12
139,110110,2,4,12
140,121320,2,5,12
141,111310,2,6,12
142,010110,3,1,1
143,011010,3,2,1
144,010920,3,3,1
145,011010,3,4,1
146,011330,3,5,1
147,011320,3,6,1
148,030110,3,1,2
149,021220,3,2,2
150,020940,3,3,2
151,021210,3,4,2
152,011330,3,5,2
153,011320,3,6,2
154,040110,3,1,3
155,020510,3,2,3
156,030940,3,3,3
157,020510,3,4,3
158,020610,3,5,3
159,021330,3,6,3
160,050110,3,1,4
161,041110,3,2,4
162,040920,3,3,4
163,041110,3,4,4
164,030610,3,5,4
165,031330,3,6,4
166,060110,3,1,5
167,051010,3,2,5
168,050930,3,3,5
169,051010,3,4,5
170,041340,3,5,5
171,041330,3,6,5
172,070110,3,1,6
173,061320,3,2,6
174,060930,3,3,6
175,051010,3,4,6
176,061340,3,5,6
177,051320,3,6,6
178,080110,3,1,7
179,071010,3,2,7
180,070930,3,3,7
181,061320,3,4,7
182,061320,3,5,7
183,051320,3,6,7
184,090110,3,1,8
185,080110,3,2,8
186,081110,3,3,8
187,071210,3,4,8
188,071310,3,5,8
189,061320,3,6,8
190,100110,3,1,9
191,090110,3,2,9
192,090910,3,3,9
193,080940,3,4,9
194,091330,3,5,9
195,071310,3,6,9
196,110110,3,1,10
197,100110,3,2,10
198,100910,3,3,10
199,091010,3,4,10
200,101320,3,5,10
201,091330,3,6,10
202,120110,3,1,11
203,110110,3,2,11
204,110930,3,3,11
205,101110,3,4,11
206,111330,3,5,11
207,101320,3,6,11
208,120110,3,2,12
209,111010,3,4,12
210,121330,3,5,12
211,111330,3,6,12
212,010110,4,1,1
213,010110,4,2,1
214,010920,4,3,1
215,011010,4,4,1
216,011330,4,5,1
217,011320,4,6,1
218,030120,4,1,2
219,020110,4,2,2
220,020930,4,3,2
221,021210,4,4,2
222,010110,4,5,2
223,011320,4,6,2
224,040110,4,1,3
225,030120,4,2,3
226,030940,4,3,3
227,020510,4,4,3
228,021340,4,5,3
229,021330,4,6,3
230,050110,4,1,4
231,040110,4,2,4
232,040920,4,3,4
233,041110,4,4,4
234,030120,4,5,4
235,031330,4,6,4
236,060110,4,1,5
237,050110,4,2,5
238,050930,4,3,5
239,050110,4,4,5
240,041340,4,5,5
241,041330,4,6,5
242,070110,4,1,6
243,060110,4,2,6
244,060930,4,3,6
245,051010,4,4,6
246,061340,4,5,6
247,051320,4,6,6
248,080110,4,1,7
249,071210,4,2,7
250,070930,4,3,7
251,061330,4,4,7
252,060110,4,5,7
253,051320,4,6,7
254,090110,4,1,8
255,080110,4,2,8
256,080940,4,3,8
257,071010,4,4,8
258,071330,4,5,8
259,061330,4,6,8
260,100110,4,1,9
261,090110,4,2,9
262,091010,4,3,9
263,081110,4,4,9
264,091320,4,5,9
265,071330,4,6,9
266,110110,4,1,10
267,100110,4,2,10
268,100910,4,3,10
269,091010,4,4,10
270,101330,4,5,10
271,091320,4,6,10
272,120110,4,1,11
273,110110,4,2,11
274,110910,4,3,11
275,101110,4,4,11
276,111310,4,5,11
277,101330,4,6,11
278,120110,4,2,12
279,111010,4,4,12
280,121320,4,5,12
281,111310,4,6,12
282,060210,5,1,1
283,050210,5,2,1
284,050930,5,3,1
285,051010,5,4,1
286,040110,5,5,1
287,041340,5,6,1
288,070210,5,1,2
289,060210,5,2,2
290,060930,5,3,2
291,051010,5,4,2
292,050210,5,5,2
293,061340,5,6,2
294,080210,5,1,3
295,070210,5,2,3
296,070940,5,3,3
297,061320,5,4,3
298,060210,5,5,3
299,061340,5,6,3
300,090210,5,1,4
301,080210,5,2,4
302,080940,5,3,4
303,070210,5,4,4
304,071330,5,5,4
305,061330,5,6,4
306,100210,5,1,5
307,090210,5,2,5
308,090910,5,3,5
309,080210,5,4,5
310,091320,5,5,5
311,071330,5,6,5
312,010210,5,1,6
313,100210,5,2,6
314,100930,5,3,6
315,090210,5,4,6
316,101310,5,5,6
317,091320,5,6,6
318,120210,5,1,7
319,010210,5,2,7
320,110910,5,3,7
321,100210,5,4,7
322,111310,5,5,7
323,101330,5,6,7
324,120210,5,2,8
325,010210,5,4,8
326,121320,5,5,8
327,111310,5,6,8
328,010110,6,1,1
329,010110,6,2,1
330,010920,6,3,1
331,011010,6,4,1
332,011330,6,5,1
333,011320,6,6,1
334,030110,6,1,2
335,020110,6,2,2
336,020940,6,3,2
337,021210,6,4,2
338,011330,6,5,2
339,011330,6,6,2
340,040110,6,1,3
341,030110,6,2,3
342,030940,6,3,3
343,020510,6,4,3
344,021340,6,5,3
345,021330,6,6,3
346,050110,6,1,4
347,040110,6,2,4
348,040920,6,3,4
349,041110,6,4,4
350,031340,6,5,4
351,031340,6,6,4
352,060110,6,1,5
353,050110,6,2,5
354,050930,6,3,5
355,051220,6,4,5
356,041340,6,5,5
357,041330,6,6,5
358,070110,6,1,6
359,060110,6,2,6
360,060930,6,3,6
361,051220,6,4,6
362,061340,6,5,6
363,051320,6,6,6
364,080110,6,1,7
365,071210,6,2,7
366,070930,6,3,7
367,061330,6,4,7
368,061320,6,5,7
369,061340,6,6,7
370,090110,6,1,8
371,080110,6,2,8
372,081110,6,3,8
373,071010,6,4,8
374,071310,6,5,8
375,061330,6,6,8
376,100110,6,1,9
377,090110,6,2,9
378,090930,6,3,9
379,081110,6,4,9
380,091330,6,5,9
381,071330,6,6,9
382,110110,6,1,10
383,100110,6,2,10
384,100940,6,3,10
385,091010,6,4,10
386,101320,6,5,10
387,091320,6,6,10
388,120110,6,1,11
389,110110,6,2,11
390,110920,6,3,11
391,101110,6,4,11
392,111330,6,5,11
393,101320,6,6,11
394,120110,6,2,12
395,111010,6,4,12
396,121330,6,5,12
397,111330,6,6,12
398,010110,7,1,1
399,010110,7,2,1
400,010920,7,3,1
401,011010,7,4,1
402,010110,7,5,1
403,011330,7,6,1
404,030120,7,1,2
405,020110,7,2,2
406,020940,7,3,2
407,021210,7,4,2
408,011330,7,5,2
409,011330,7,6,2
410,040110,7,1,3
411,030120,7,2,3
412,030940,7,3,3
413,020510,7,4,3
414,020110,7,5,3
415,021340,7,6,3
416,050110,7,1,4
417,040110,7,2,4
418,040930,7,3,4
419,041110,7,4,4
420,031340,7,5,4
421,031340,7,6,4
422,060110,7,1,5
423,050110,7,2,5
424,050930,7,3,5
425,051010,7,4,5
426,040310,7,5,5
427,041340,7,6,5
428,070110,7,1,6
429,060110,7,2,6
430,060930,7,3,6
431,051010,7,4,6
432,061340,7,5,6
433,061340,7,6,6
434,080110,7,1,7
435,070110,7,2,7
436,070940,7,3,7
437,061330,7,4,7
438,060110,7,5,7
439,061340,7,6,7
440,090110,7,1,8
441,080110,7,2,8
442,080940,7,3,8
443,070110,7,4,8
444,071330,7,5,8
445,061330,7,6,8
446,100110,7,1,9
447,090110,7,2,9
448,091010,7,3,9
449,080110,7,4,9
450,091320,7,5,9
451,071330,7,6,9
452,110110,7,1,10
453,100110,7,2,10
454,100910,7,3,10
455,090110,7,4,10
456,101310,7,5,10
457,091320,7,6,10
458,120110,7,1,11
459,110110,7,2,11
460,110910,7,3,11
461,100110,7,4,11
462,111310,7,5,11
463,101330,7,6,11
464,120110,7,2,12
465,110110,7,4,12
466,121320,7,5,12
467,111310,7,6,12
468,010310,8,1,1
469,011210,8,2,1
470,010920,8,3,1
471,011110,8,4,1
472,011320,8,5,1
473,011320,8,6,1
474,031210,8,1,2
475,020310,8,2,2
476,020910,8,3,2
477,021120,8,4,2
478,011320,8,5,2
479,011320,8,6,2
480,040310,8,1,3
481,031210,8,2,3
482,030910,8,3,3
483,031110,8,4,3
484,021330,8,5,3
485,021330,8,6,3
486,050410,8,1,4
487,041210,8,2,4
488,041210,8,3,4
489,041330,8,4,4
490,031330,8,5,4
491,031330,8,6,4
492,060310,8,1,5
493,051210,8,2,5
494,050910,8,3,5
495,051110,8,4,5
496,041330,8,5,5
497,041330,8,6,5
498,070310,8,1,6
499,061320,8,2,6
500,060910,8,3,6
501,051110,8,4,6
502,050910,8,5,6
503,051320,8,6,6
504,080310,8,1,7
505,070910,8,2,7
506,071110,8,3,7
507,061320,8,4,7
508,061320,8,5,7
509,051320,8,6,7
510,090310,8,1,8
511,080310,8,2,8
512,080920,8,3,8
513,071110,8,4,8
514,071310,8,5,8
515,061320,8,6,8
516,100310,8,1,9
517,090310,8,2,9
518,091210,8,3,9
519,080920,8,4,9
520,091330,8,5,9
521,071310,8,6,9
522,110310,8,1,10
523,100310,8,2,10
524,100920,8,3,10
525,091110,8,4,10
526,101320,8,5,10
527,091330,8,6,10
528,120310,8,1,11
529,110310,8,2,11
530,111210,8,3,11
531,101120,8,4,11
532,111330,8,5,11
533,101320,8,6,11
534,120310,8,2,12
535,110940,8,4,12
536,121330,8,5,12
537,111330,8,6,12
538,040610,9,1,1
539,030920,9,2,1
540,031110,9,3,1
541,031110,9,4,1
542,021330,9,5,1
543,021330,9,6,1
544,060920,9,1,2
545,050610,9,2,2
546,051120,9,3,2
547,050610,9,4,2
548,041330,9,5,2
549,041330,9,6,2
550,070610,9,1,3
551,061320,9,2,3
552,060920,9,3,3
553,051120,9,4,3
554,051320,9,5,3
555,051320,9,6,3
556,080610,9,1,4
557,071120,9,2,4
558,070920,9,3,4
559,061320,9,4,4
560,061320,9,5,4
561,051120,9,6,4
562,090610,9,1,5
563,080610,9,2,5
564,080910,9,3,5
565,071120,9,4,5
566,071310,9,5,5
567,061320,9,6,5
568,100610,9,1,6
569,090610,9,2,6
570,090920,9,3,6
571,080910,9,4,6
572,091330,9,5,6
573,071310,9,6,6
574,110610,9,1,7
575,100610,9,2,7
576,101110,9,3,7
577,090920,9,4,7
578,101320,9,5,7
579,091330,9,6,7
580,120610,9,1,8
581,110610,9,2,8
582,110930,9,3,8
583,101110,9,4,8
584,111330,9,5,8
585,101320,9,6,8
586,120610,9,2,9
587,110930,9,4,9
588,121330,9,5,9
589,111330,9,6,9
590,010410,10,1,1
591,010310,10,2,1
592,010920,10,3,1
593,011110,10,4,1
594,010310,10,5,1
595,011330,10,6,1
596,030410,10,1,2
597,020310,10,2,2
598,020920,10,3,2
599,021120,10,4,2
600,011330,10,5,2
601,011330,10,6,2
602,040310,10,1,3
603,030410,10,2,3
604,030920,10,3,3
605,031110,10,4,3
606,021340,10,5,3
607,021340,10,6,3
608,050410,10,1,4
609,040310,10,2,4
610,040910,10,3,4
611,041110,10,4,4
612,031340,10,5,4
613,031340,10,6,4
614,060310,10,1,5
615,050410,10,2,5
616,050920,10,3,5
617,051120,10,4,5
618,041340,10,5,5
619,041340,10,6,5
620,070410,10,1,6
621,060310,10,2,6
622,060920,10,3,6
623,051120,10,4,6
624,050920,10,5,6
625,051320,10,6,6
626,080410,10,1,7
627,070410,10,2,7
628,070920,10,3,7
629,061330,10,4,7
630,060310,10,5,7
631,061340,10,6,7
632,090410,10,1,8
633,080410,10,2,8
634,080910,10,3,8
635,070410,10,4,8
636,071330,10,5,8
637,061330,10,6,8
638,100410,10,1,9
639,090410,10,2,9
640,090920,10,3,9
641,080410,10,4,9
642,091320,10,5,9
643,071330,10,6,9
644,110410,10,1,10
645,100410,10,2,10
646,100930,10,3,10
647,090410,10,4,10
648,101310,10,5,10
649,091320,10,6,10
650,120410,10,1,11
651,110410,10,2,11
652,110930,10,3,11
653,100410,10,4,11
654,111310,10,5,11
655,101330,10,6,11
656,120410,10,2,12
657,110410,10,4,12
658,121320,10,5,12
659,111310,10,6,12
660,010710,11,1,1
661,010710,11,2,1
662,011010,11,3,1
663,010710,11,4,1
664,011330,11,5,1
665,011330,11,6,1
666,030710,11,1,2
667,020710,11,2,2
668,020940,11,3,2
669,020710,11,4,2
670,011330,11,5,2
671,011330,11,6,2
672,040710,11,1,3
673,030710,11,2,3
674,030940,11,3,3
675,030710,11,4,3
676,021340,11,5,3
677,021340,11,6,3
678,050720,11,1,4
679,040710,11,2,4
680,040930,11,3,4
681,040710,11,4,4
682,031340,11,5,4
683,031340,11,6,4
684,060710,11,1,5
685,050720,11,2,5
686,050910,11,3,5
687,050720,11,4,5
688,041340,11,5,5
689,041340,11,6,5
690,070710,11,1,6
691,060710,11,2,6
692,060930,11,3,6
693,050720,11,4,6
694,061340,11,5,6
695,061340,11,6,6
696,080710,11,1,7
697,070710,11,2,7
698,070940,11,3,7
699,060710,11,4,7
700,061330,11,5,7
701,061340,11,6,7
702,090710,11,1,8
703,080710,11,2,8
704,080940,11,3,8
705,070710,11,4,8
706,071330,11,5,8
707,061330,11,6,8
708,100710,11,1,9
709,090710,11,2,9
710,090930,11,3,9
711,080710,11,4,9
712,091320,11,5,9
713,071330,11,6,9
714,110710,11,1,10
715,100710,11,2,10
716,100910,11,3,10
717,090710,11,4,10
718,101310,11,5,10
719,091320,11,6,10
720,120710,11,1,11
721,110710,11,2,11
722,110910,11,3,11
723,100710,11,4,11
724,111310,11,5,11
725,101330,11,6,11
726,120710,11,2,12
727,110710,11,4,12
728,121320,11,5,12
729,111310,11,6,12
730,010310,12,1,1
731,010310,12,2,1
732,010920,12,3,1
733,011110,12,4,1
734,011330,12,5,1
735,011330,12,6,1
736,030210,12,1,2
737,020310,12,2,2
738,021120,12,3,2
739,021120,12,4,2
740,011330,12,5,2
741,011330,12,6,2
742,040310,12,1,3
743,030210,12,2,3
744,030920,12,3,3
745,031110,12,4,3
746,021340,12,5,3
747,021340,12,6,3
748,050210,12,1,4
749,041110,12,2,4
750,040910,12,3,4
751,041110,12,4,4
752,031340,12,5,4
753,031340,12,6,4
754,060310,12,1,5
755,050210,12,2,5
756,050920,12,3,5
757,051120,12,4,5
758,041340,12,5,5
759,041340,12,6,5
760,070310,12,1,6
761,060310,12,2,6
762,060920,12,3,6
763,051120,12,4,6
764,061340,12,5,6
765,061340,12,6,6
766,080310,12,1,7
767,070310,12,2,7
768,070920,12,3,7
769,061330,12,4,7
770,060310,12,5,7
771,061340,12,6,7
772,090310,12,1,8
773,080310,12,2,8
774,080910,12,3,8
775,071120,12,4,8
776,071330,12,5,8
777,061330,12,6,8
778,100310,12,1,9
779,090310,12,2,9
780,090920,12,3,9
781,080910,12,4,9
782,091330,12,5,9
783,071330,12,6,9
784,110310,12,1,10
785,100310,12,2,10
786,101110,12,3,10
787,090920,12,4,10
788,101330,12,5,10
789,091320,12,6,10
790,120310,12,1,11
791,110310,12,2,11
792,111010,12,3,11
793,100930,12,4,11
794,111310,12,5,11
795,101310,12,6,11
796,120310,12,2,12
797,110930,12,4,12
798,121320,12,5,12
799,111310,12,6,12
800,010110,13,1,1
801,010310,13,2,1
802,010920,13,3,1
803,011010,13,4,1
804,011330,13,5,1
805,011320,13,6,1
806,030120,13,1,2
807,020110,13,2,2
808,020930,13,3,2
809,021210,13,4,2
810,011110,13,5,2
811,011320,13,6,2
812,040110,13,1,3
813,020510,13,2,3
814,030940,13,3,3
815,020510,13,4,3
816,020110,13,5,3
817,021340,13,6,3
818,050110,13,1,4
819,040110,13,2,4
820,040920,13,3,4
821,041330,13,4,4
822,020510,13,5,4
823,031330,13,6,4
824,060110,13,1,5
825,051010,13,2,5
826,050930,13,3,5
827,051120,13,4,5
828,041330,13,5,5
829,041340,13,6,5
830,070110,13,1,6
831,060110,13,2,6
832,060930,13,3,6
833,051220,13,4,6
834,051010,13,5,6
835,051320,13,6,6
836,080110,13,1,7
837,071210,13,2,7
838,070930,13,3,7
839,061320,13,4,7
840,061320,13,5,7
841,051010,13,6,7
842,090110,13,1,8
843,080110,13,2,8
844,081110,13,3,8
845,071210,13,4,8
846,071310,13,5,8
847,061320,13,6,8
848,100110,13,1,9
849,090110,13,2,9
850,090930,13,3,9
851,080940,13,4,9
852,091330,13,5,9
853,071310,13,6,9
854,110110,13,1,10
855,100110,13,2,10
856,100940,13,3,10
857,090930,13,4,10
858,101320,13,5,10
859,091330,13,6,10
860,120110,13,1,11
861,110110,13,2,11
862,110910,13,3,11
863,101110,13,4,11
864,111330,13,5,11
865,101320,13,6,11
866,120110,13,2,12
867,110910,13,4,12
868,121330,13,5,12
869,111330,13,6,12
870,010110,14,1,1
871,010610,14,2,1
872,010920,14,3,1
873,011010,14,4,1
874,011110,14,5,1
875,011320,14,6,1
876,030120,14,1,2
877,020610,14,2,2
878,020930,14,3,2
879,021210,14,4,2
880,011010,14,5,2
881,011320,14,6,2
882,040110,14,1,3
883,030610,14,2,3
884,030930,14,3,3
885,020510,14,4,3
886,021330,14,5,3
887,021330,14,6,3
888,050110,14,1,4
889,040610,14,2,4
890,040920,14,3,4
891,041110,14,4,4
892,020510,14,5,4
893,031330,14,6,4
894,060110,14,1,5
895,050610,14,2,5
896,050930,14,3,5
897,051220,14,4,5
898,041330,14,5,5
899,041330,14,6,5
900,070110,14,1,6
901,060710,14,2,6
902,060930,14,3,6
903,051220,14,4,6
904,051010,14,5,6
905,061340,14,6,6
906,080110,14,1,7
907,070610,14,2,7
908,070930,14,3,7
909,061320,14,4,7
910,061320,14,5,7
911,051220,14,6,7
912,090110,14,1,8
913,080610,14,2,8
914,080930,14,3,8
915,071010,14,4,8
916,071310,14,5,8
917,061320,14,6,8
918,100110,14,1,9
919,090610,14,2,9
920,090930,14,3,9
921,080930,14,4,9
922,091330,14,5,9
923,071310,14,6,9
924,110110,14,1,10
925,100610,14,2,10
926,100940,14,3,10
927,090910,14,4,10
928,101320,14,5,10
929,091330,14,6,10
930,120110,14,1,11
931,110610,14,2,11
932,110920,14,3,11
933,100940,14,4,11
934,111330,14,5,11
935,101320,14,6,11
936,120610,14,2,12
937,110920,14,4,12
938,121330,14,5,12
939,111330,14,6,12
940,010710,15,1,1
941,011110,15,2,1
942,010920,15,3,1
943,010710,15,4,1
944,011330,15,5,1
945,011320,15,6,1
946,030710,15,1,2
947,021120,15,2,2
948,020930,15,3,2
949,020710,15,4,2
950,011110,15,5,2
951,011320,15,6,2
952,040710,15,1,3
953,020510,15,2,3
954,030940,15,3,3
955,030710,15,4,3
956,020710,15,5,3
957,021340,15,6,3
958,050720,15,1,4
959,041330,15,2,4
960,040920,15,3,4
961,040710,15,4,4
962,020510,15,5,4
963,020510,15,6,4
964,060710,15,1,5
965,051120,15,2,5
966,050930,15,3,5
967,050720,15,4,5
968,041330,15,5,5
969,041340,15,6,5
970,070710,15,1,6
971,061320,15,2,6
972,060930,15,3,6
973,050720,15,4,6
974,051320,15,5,6
975,050930,15,6,6
976,080710,15,1,7
977,071010,15,2,7
978,070930,15,3,7
979,060710,15,4,7
980,061320,15,5,7
981,051320,15,6,7
982,090710,15,1,8
983,080710,15,2,8
984,080940,15,3,8
985,071210,15,4,8
986,071310,15,5,8
987,061320,15,6,8
988,100710,15,1,9
989,090710,15,2,9
990,090910,15,3,9
991,081110,15,4,9
992,091330,15,5,9
993,071310,15,6,9
994,110710,15,1,10
995,100710,15,2,10
996,101110,15,3,10
997,090910,15,4,10
998,101320,15,5,10
999,091330,15,6,10
1000,120710,15,1,11
1001,110710,15,2,11
1002,111010,15,3,11
1003,101110,15,4,11
1004,111330,15,5,11
1005,101320,15,6,11
1006,120710,15,2,12
1007,111010,15,4,12
1008,121330,15,5,12
1009,111330,15,6,12
1010,010110,16,1,1
1011,010110,16,2,1
1012,010920,16,3,1
1013,011010,16,4,1
1014,010310,16,5,1
1015,011320,16,6,1
1016,030110,16,1,2
1017,020110,16,2,2
1018,020930,16,3,2
1019,021210,16,4,2
1020,010310,16,5,2
1021,011330,16,6,2
1022,040110,16,1,3
1023,030110,16,2,3
1024,030940,16,3,3
1025,020510,16,4,3
1026,020310,16,5,3
1027,021340,16,6,3
1028,050110,16,1,4
1029,040110,16,2,4
1030,040920,16,3,4
1031,041330,16,4,4
1032,031330,16,5,4
1033,031340,16,6,4
1034,060110,16,1,5
1035,050110,16,2,5
1036,050930,16,3,5
1037,051010,16,4,5
1038,040310,16,5,5
1039,041340,16,6,5
1040,070110,16,1,6
1041,060110,16,2,6
1042,060930,16,3,6
1043,051010,16,4,6
1044,061340,16,5,6
1045,061340,16,6,6
1046,080110,16,1,7
1047,070110,16,2,7
1048,070930,16,3,7
1049,061330,16,4,7
1050,060310,16,5,7
1051,051320,16,6,7
1052,090110,16,1,8
1053,080110,16,2,8
1054,080930,16,3,8
1055,071010,16,4,8
1056,071330,16,5,8
1057,061330,16,6,8
1058,100110,16,1,9
1059,090110,16,2,9
1060,091010,16,3,9
1061,081110,16,4,9
1062,091320,16,5,9
1063,071330,16,6,9
1064,110110,16,1,10
1065,100110,16,2,10
1066,100910,16,3,10
1067,091010,16,4,10
1068,101310,16,5,10
1069,091320,16,6,10
1070,120110,16,1,11
1071,110110,16,2,11
1072,110910,16,3,11
1073,100910,16,4,11
1074,111310,16,5,11
1075,101330,16,6,11
1076,120110,16,2,12
1077,110910,16,4,12
1078,121320,16,5,12
1079,111310,16,6,12
1080,010410,17,1,1
1081,010410,17,2,1
1082,010920,17,3,1
1083,011110,17,4,1
1084,010310,17,5,1
1085,011320,17,6,1
1086,030410,17,1,2
1087,020310,17,2,2
1088,020920,17,3,2
1089,021120,17,4,2
1090,010410,17,5,2
1091,011320,17,6,2
1092,040310,17,1,3
1093,030410,17,2,3
1094,030920,17,3,3
1095,031110,17,4,3
1096,020310,17,5,3
1097,021330,17,6,3
1098,050410,17,1,4
1099,040310,17,2,4
1100,040910,17,3,4
1101,041110,17,4,4
1102,030410,17,5,4
1103,031330,17,6,4
1104,060310,17,1,5
1105,050410,17,2,5
1106,050920,17,3,5
1107,051120,17,4,5
1108,040310,17,5,5
1109,041330,17,6,5
1110,070410,17,1,6
1111,060310,17,2,6
1112,060920,17,3,6
1113,051120,17,4,6
1114,061340,17,5,6
1115,051320,17,6,6
1116,080410,17,1,7
1117,070410,17,2,7
1118,070920,17,3,7
1119,061320,17,4,7
1120,060310,17,5,7
1121,061340,17,6,7
1122,090410,17,1,8
1123,080410,17,2,8
1124,080910,17,3,8
1125,070410,17,4,8
1126,071330,17,5,8
1127,061330,17,6,8
1128,100410,17,1,9
1129,090410,17,2,9
1130,090920,17,3,9
1131,080410,17,4,9
1132,091320,17,5,9
1133,071330,17,6,9
1134,110410,17,1,10
1135,100410,17,2,10
1136,100910,17,3,10
1137,090410,17,4,10
1138,101330,17,5,10
1139,091320,17,6,10
1140,120410,17,1,11
1141,110410,17,2,11
1142,110930,17,3,11
1143,100930,17,4,11
1144,111310,17,5,11
1145,101310,17,6,11
1146,120410,17,2,12
1147,110930,17,4,12
1148,121320,17,5,12
1149,111310,17,6,12
1150,010410,18,1,1
1151,010410,18,2,1
1152,010920,18,3,1
1153,011110,18,4,1
1154,011320,18,5,1
1155,011320,18,6,1
1156,030410,18,1,2
1157,020310,18,2,2
1158,020920,18,3,2
1159,021120,18,4,2
1160,011320,18,5,2
1161,011320,18,6,2
1162,040310,18,1,3
1163,030410,18,2,3
1164,030920,18,3,3
1165,031110,18,4,3
1166,021330,18,5,3
1167,021330,18,6,3
1168,050410,18,1,4
1169,040310,18,2,4
1170,040910,18,3,4
1171,041110,18,4,4
1172,031330,18,5,4
1173,031330,18,6,4
1174,060310,18,1,5
1175,050410,18,2,5
1176,050920,18,3,5
1177,051120,18,4,5
1178,041340,18,5,5
1179,041330,18,6,5
1180,070410,18,1,6
1181,060310,18,2,6
1182,060920,18,3,6
1183,051120,18,4,6
1184,061340,18,5,6
1185,051320,18,6,6
1186,080410,18,1,7
1187,070410,18,2,7
1188,070920,18,3,7
1189,061320,18,4,7
1190,061320,18,5,7
1191,061340,18,6,7
1192,090410,18,1,8
1193,080410,18,2,8
1194,080910,18,3,8
1195,071120,18,4,8
1196,071310,18,5,8
1197,061320,18,6,8
1198,100410,18,1,9
1199,090410,18,2,9
1200,090920,18,3,9
1201,081110,18,4,9
1202,091330,18,5,9
1203,071310,18,6,9
1204,110410,18,1,10
1205,100410,18,2,10
1206,101110,18,3,10
1207,090920,18,4,10
1208,101320,18,5,10
1209,091330,18,6,10
1210,120410,18,1,11
1211,110410,18,2,11
1212,111010,18,3,11
1213,101110,18,4,11
1214,111330,18,5,11
1215,101320,18,6,11
1216,120410,18,2,12
1217,111010,18,4,12
1218,121320,18,5,12
1219,111330,18,6,12
1220,010810,19,1,1
1221,010810,19,2,1
1222,010910,19,3,1
1223,011210,19,4,1
1224,011310,19,5,1
1225,011310,19,6,1
1226,030820,19,1,2
1227,020820,19,2,2
1228,020910,19,3,2
1229,021110,19,4,2
1230,011310,19,5,2
1231,011310,19,6,2
1232,040820,19,1,3
1233,030820,19,2,3
1234,030910,19,3,3
1235,031210,19,4,3
1236,021320,19,5,3
1237,021320,19,6,3
1238,050710,19,1,4
1239,041210,19,2,4
1240,040810,19,3,4
1241,041310,19,4,4
1242,031320,19,5,4
1243,031320,19,6,4
1244,050810,19,1,5
1245,050710,19,2,5
1246,050910,19,3,5
1247,051210,19,4,5
1248,041310,19,5,5
1249,041310,19,6,5
1250,070820,19,1,6
1251,050810,19,2,6
1252,060910,19,3,6
1253,051210,19,4,6
1254,050910,19,5,6
1255,051310,19,6,6
1256,080820,19,1,7
1257,070820,19,2,7
1258,070910,19,3,7
1259,061310,19,4,7
1260,061310,19,5,7
1261,051310,19,6,7
1262,090810,19,1,8
1263,080820,19,2,8
1264,081210,19,3,8
1265,070820,19,4,8
1266,071320,19,5,8
1267,061320,19,6,8
1268,100820,19,1,9
1269,090810,19,2,9
1270,091110,19,3,9
1271,080820,19,4,9
1272,091310,19,5,9
1273,071310,19,6,9
1274,110810,19,1,10
1275,100820,19,2,10
1276,101120,19,3,10
1277,090810,19,4,10
1278,101340,19,5,10
1279,091330,19,6,10
1280,120810,19,1,11
1281,110810,19,2,11
1282,111210,19,3,11
1283,100820,19,4,11
1284,111320,19,5,11
1285,101340,19,6,11
1286,120810,19,2,12
1287,110810,19,4,12
1288,121310,19,5,12
1289,111320,19,6,12
1290,010110,20,1,1
1291,010110,20,2,1
1292,010920,20,3,1
1293,011010,20,4,1
1294,010310,20,5,1
1295,011330,20,6,1
1296,030120,20,1,2
1297,020110,20,2,2
1298,020930,20,3,2
1299,021210,20,4,2
1300,010310,20,5,2
1301,011330,20,6,2
1302,040110,20,1,3
1303,030120,20,2,3
1304,030930,20,3,3
1305,020510,20,4,3
1306,020310,20,5,3
1307,021340,20,6,3
1308,050110,20,1,4
1309,040110,20,2,4
1310,040930,20,3,4
1311,041110,20,4,4
1312,031340,20,5,4
1313,031330,20,6,4
1314,060110,20,1,5
1315,050110,20,2,5
1316,050930,20,3,5
1317,051010,20,4,5
1318,041340,20,5,5
1319,041340,20,6,5
1320,070110,20,1,6
1321,060110,20,2,6
1322,060930,20,3,6
1323,051010,20,4,6
1324,061340,20,5,6
1325,061340,20,6,6
1326,080110,20,1,7
1327,071210,20,2,7
1328,070930,20,3,7
1329,061330,20,4,7
1330,060110,20,5,7
1331,051320,20,6,7
1332,090110,20,1,8
1333,080110,20,2,8
1334,080940,20,3,8
1335,071010,20,4,8
1336,071330,20,5,8
1337,061330,20,6,8
1338,100110,20,1,9
1339,090110,20,2,9
1340,091010,20,3,9
1341,081110,20,4,9
1342,091320,20,5,9
1343,071330,20,6,9
1344,110110,20,1,10
1345,100110,20,2,10
1346,101110,20,3,10
1347,090930,20,4,10
1348,101330,20,5,10
1349,091320,20,6,10
1350,120110,20,1,11
1351,110110,20,2,11
1352,111010,20,3,11
1353,100910,20,4,11
1354,111310,20,5,11
1355,101330,20,6,11
1356,120110,20,2,12
1357,110910,20,4,12
1358,121320,20,5,12
1359,111310,20,6,12
1360,030210,21,1,1
1361,020110,21,2,1
1362,020940,21,3,1
1363,021210,21,4,1
1364,010110,21,5,1
1365,011320,21,6,1
1366,040110,21,1,2
1367,030210,21,2,2
1368,030940,21,3,2
1369,020510,21,4,2
1370,021340,21,5,2
1371,021330,21,6,2
1372,050210,21,1,3
1373,041110,21,2,3
1374,040930,21,3,3
1375,040110,21,4,3
1376,030210,21,5,3
1377,031330,21,6,3
1378,060210,21,1,4
1379,050110,21,2,4
1380,050930,21,3,4
1381,051010,21,4,4
1382,041340,21,5,4
1383,041330,21,6,4
1384,070210,21,1,5
1385,060210,21,2,5
1386,060930,21,3,5
1387,051010,21,4,5
1388,050210,21,5,5
1389,051320,21,6,5
1390,080210,21,1,6
1391,070210,21,2,6
1392,070940,21,3,6
1393,061330,21,4,6
1394,061320,21,5,6
1395,051010,21,6,6
1396,090210,21,1,7
1397,080210,21,2,7
1398,080930,21,3,7
1399,070210,21,4,7
1400,071330,21,5,7
1401,061330,21,6,7
1402,100210,21,1,8
1403,090210,21,2,8
1404,090930,21,3,8
1405,080210,21,4,8
1406,091320,21,5,8
1407,071330,21,6,8
1408,010210,21,1,9
1409,100210,21,2,9
1410,100910,21,3,9
1411,090210,21,4,9
1412,101330,21,5,9
1413,091320,21,6,9
1414,120210,21,1,10
1415,010210,21,2,10
1416,110920,21,3,10
1417,100210,21,4,10
1418,111310,21,5,10
1419,101310,21,6,10
1420,120210,21,2,11
1421,010210,21,4,11
1422,121320,21,5,11
1423,111310,21,6,11
1424,010110,22,1,1
1425,010310,22,2,1
1426,010920,22,3,1
1427,011010,22,4,1
1428,010110,22,5,1
1429,011320,22,6,1
1430,030120,22,1,2
1431,020310,22,2,2
1432,020940,22,3,2
1433,021220,22,4,2
1434,010110,22,5,2
1435,011320,22,6,2
1436,040310,22,1,3
1437,030120,22,2,3
1438,030940,22,3,3
1439,020510,22,4,3
1440,021330,22,5,3
1441,021330,22,6,3
1442,050110,22,1,4
1443,040110,22,2,4
1444,040930,22,3,4
1445,041110,22,4,4
1446,030120,22,5,4
1447,031330,22,6,4
1448,060310,22,1,5
1449,050110,22,2,5
1450,050930,22,3,5
1451,051010,22,4,5
1452,040110,22,5,5
1453,041330,22,6,5
1454,070110,22,1,6
1455,060310,22,2,6
1456,060920,22,3,6
1457,051010,22,4,6
1458,050110,22,5,6
1459,051320,22,6,6
1460,080110,22,1,7
1461,070310,22,2,7
1462,070940,22,3,7
1463,061330,22,4,7
1464,060110,22,5,7
1465,051320,22,6,7
1466,090110,22,1,8
1467,080310,22,2,8
1468,080910,22,3,8
1469,071010,22,4,8
1470,071330,22,5,8
1471,061320,22,6,8
1472,100110,22,1,9
1473,090310,22,2,9
1474,090920,22,3,9
1475,080910,22,4,9
1476,091320,22,5,9
1477,071310,22,6,9
1478,110110,22,1,10
1479,100310,22,2,10
1480,100930,22,3,10
1481,090920,22,4,10
1482,101310,22,5,10
1483,091330,22,6,10
1484,120110,22,1,11
1485,110310,22,2,11
1486,110930,22,3,11
1487,100930,22,4,11
1488,111310,22,5,11
1489,101320,22,6,11
1490,120310,22,2,12
1491,110930,22,4,12
1492,121320,22,5,12
1493,111330,22,6,12
1494,010810,23,1,1
1495,010810,23,2,1
1496,010910,23,3,1
1497,011210,23,4,1
1498,011310,23,5,1
1499,011320,23,6,1
1500,030810,23,1,2
1501,020810,23,2,2
1502,020910,23,3,2
1503,021110,23,4,2
1504,011310,23,5,2
1505,011320,23,6,2
1506,040810,23,1,3
1507,030810,23,2,3
1508,030910,23,3,3
1509,031210,23,4,3
1510,021310,23,5,3
1511,021330,23,6,3
1512,050710,23,1,4
1513,040810,23,2,4
1514,041210,23,3,4
1515,041210,23,4,4
1516,031310,23,5,4
1517,031330,23,6,4
1518,050810,23,1,5
1519,050710,23,2,5
1520,050910,23,3,5
1521,051110,23,4,5
1522,041320,23,5,5
1523,041330,23,6,5
1524,070810,23,1,6
1525,050810,23,2,6
1526,060910,23,3,6
1527,051210,23,4,6
1528,051310,23,5,6
1529,051320,23,6,6
1530,080810,23,1,7
1531,071220,23,2,7
1532,070910,23,3,7
1533,061310,23,4,7
1534,061320,23,5,7
1535,051310,23,6,7
1536,090820,23,1,8
1537,080810,23,2,8
1538,080920,23,3,8
1539,071110,23,4,8
1540,071310,23,5,8
1541,061310,23,6,8
1542,100810,23,1,9
1543,090820,23,2,9
1544,091210,23,3,9
1545,080920,23,4,9
1546,091310,23,5,9
1547,071310,23,6,9
1548,110820,23,1,10
1549,100810,23,2,10
1550,100920,23,3,10
1551,091210,23,4,10
1552,101340,23,5,10
1553,091330,23,6,10
1554,120820,23,1,11
1555,110820,23,2,11
1556,110940,23,3,11
1557,101120,23,4,11
1558,111320,23,5,11
1559,101320,23,6,11
1560,120820,23,2,12
1561,111210,23,4,12
1562,121310,23,5,12
1563,111330,23,6,12
1564,010110,24,1,1
1565,010710,24,2,1
1566,010920,24,3,1
1567,011010,24,4,1
1568,011320,24,5,1
1569,011330,24,6,1
1570,030120,24,1,2
1571,020110,24,2,2
1572,020930,24,3,2
1573,021210,24,4,2
1574,010920,24,5,2
1575,011330,24,6,2
1576,040110,24,1,3
1577,030710,24,2,3
1578,030710,24,3,3
1579,020510,24,4,3
1580,021330,24,5,3
1581,021340,24,6,3
1582,050110,24,1,4
1583,040110,24,2,4
1584,040930,24,3,4
1585,041110,24,4,4
1586,031110,24,5,4
1587,031340,24,6,4
1588,060110,24,1,5
1589,050720,24,2,5
1590,050930,24,3,5
1591,051220,24,4,5
1592,041110,24,5,5
1593,041340,24,6,5
1594,070110,24,1,6
1595,060110,24,2,6
1596,060930,24,3,6
1597,051220,24,4,6
1598,051010,24,5,6
1599,061340,24,6,6
1600,080110,24,1,7
1601,070710,24,2,7
1602,070940,24,3,7
1603,061330,24,4,7
1604,061320,24,5,7
1605,061340,24,6,7
1606,090110,24,1,8
1607,080710,24,2,8
1608,080940,24,3,8
1609,071210,24,4,8
1610,071330,24,5,8
1611,061330,24,6,8
1612,100110,24,1,9
1613,090710,24,2,9
1614,091010,24,3,9
1615,081110,24,4,9
1616,091320,24,5,9
1617,071330,24,6,9
1618,110110,24,1,10
1619,100710,24,2,10
1620,100910,24,3,10
1621,091010,24,4,10
1622,101330,24,5,10
1623,091320,24,6,10
1624,120110,24,1,11
1625,110710,24,2,11
1626,111010,24,3,11
1627,101110,24,4,11
1628,111310,24,5,11
1629,101310,24,6,11
1630,120710,24,2,12
1631,111010,24,4,12
1632,121320,24,5,12
1633,111310,24,6,12
1634,010110,25,1,1
1635,010110,25,2,1
1636,010920,25,3,1
1637,011010,25,4,1
1638,011330,25,5,1
1639,011320,25,6,1
1640,030210,25,1,2
1641,020110,25,2,2
1642,020940,25,3,2
1643,021210,25,4,2
1644,011320,25,5,2
1645,011320,25,6,2
1646,040110,25,1,3
1647,030210,25,2,3
1648,030940,25,3,3
1649,020510,25,4,3
1650,021340,25,5,3
1651,021330,25,6,3
1652,050210,25,1,4
1653,040110,25,2,4
1654,040930,25,3,4
1655,041110,25,4,4
1656,031340,25,5,4
1657,031330,25,6,4
1658,060210,25,1,5
1659,061340,25,2,5
1660,050930,25,3,5
1661,051220,25,4,5
1662,041340,25,5,5
1663,041330,25,6,5
1664,070210,25,1,6
1665,060210,25,2,6
1666,060920,25,3,6
1667,051220,25,4,6
1668,061340,25,5,6
1669,051320,25,6,6
1670,080210,25,1,7
1671,070210,25,2,7
1672,070940,25,3,7
1673,061330,25,4,7
1674,061320,25,5,7
1675,051010,25,6,7
1676,090210,25,1,8
1677,080210,25,2,8
1678,080930,25,3,8
1679,071010,25,4,8
1680,071330,25,5,8
1681,061330,25,6,8
1682,100210,25,1,9
1683,090210,25,2,9
1684,091010,25,3,9
1685,081110,25,4,9
1686,091320,25,5,9
1687,071330,25,6,9
1688,010210,25,1,10
1689,100210,25,2,10
1690,100910,25,3,10
1691,091010,25,4,10
1692,101330,25,5,10
1693,091320,25,6,10
1694,120210,25,1,11
1695,010210,25,2,11
1696,110910,25,3,11
1697,101110,25,4,11
1698,111310,25,5,11
1699,101310,25,6,11
1700,120210,25,2,12
1701,111010,25,4,12
1702,121320,25,5,12
1703,111310,25,6,12
1704,010610,26,1,1
1705,010610,26,2,1
1706,010920,26,3,1
1707,011110,26,4,1
1708,010610,26,5,1
1709,011320,26,6,1
1710,030610,26,1,2
1711,020710,26,2,2
1712,020920,26,3,2
1713,021220,26,4,2
1714,010610,26,5,2
1715,011320,26,6,2
1716,040610,26,1,3
1717,030610,26,2,3
1718,030920,26,3,3
1719,031110,26,4,3
1720,020610,26,5,3
1721,021330,26,6,3
1722,050610,26,1,4
1723,040610,26,2,4
1724,040910,26,3,4
1725,041110,26,4,4
1726,030610,26,5,4
1727,031330,26,6,4
1728,060710,26,1,5
1729,050610,26,2,5
1730,050920,26,3,5
1731,051220,26,4,5
1732,040610,26,5,5
1733,041330,26,6,5
1734,070610,26,1,6
1735,060710,26,2,6
1736,060920,26,3,6
1737,051220,26,4,6
1738,061340,26,5,6
1739,051320,26,6,6
1740,080610,26,1,7
1741,070710,26,2,7
1742,070920,26,3,7
1743,061330,26,4,7
1744,061320,26,5,7
1745,051010,26,6,7
1746,090610,26,1,8
1747,080710,26,2,8
1748,080910,26,3,8
1749,071210,26,4,8
1750,071330,26,5,8
1751,061330,26,6,8
1752,100610,26,1,9
1753,090710,26,2,9
1754,090930,26,3,9
1755,081110,26,4,9
1756,091320,26,5,9
1757,071330,26,6,9
1758,110610,26,1,10
1759,100710,26,2,10
1760,100940,26,3,10
1761,090920,26,4,10
1762,101330,26,5,10
1763,091320,26,6,10
1764,120610,26,1,11
1765,110710,26,2,11
1766,110910,26,3,11
1767,100930,26,4,11
1768,111310,26,5,11
1769,101310,26,6,11
1770,120710,26,2,12
1771,110930,26,4,12
1772,121320,26,5,12
1773,111310,26,6,12
1774,010610,27,1,1
1775,010710,27,2,1
1776,010920,27,3,1
1777,011110,27,4,1
1778,010610,27,5,1
1779,011320,27,6,1
1780,030610,27,1,2
1781,020710,27,2,2
1782,020930,27,3,2
1783,021210,27,4,2
1784,010610,27,5,2
1785,011320,27,6,2
1786,040610,27,1,3
1787,030710,27,2,3
1788,030940,27,3,3
1789,020510,27,4,3
1790,020610,27,5,3
1791,021330,27,6,3
1792,050610,27,1,4
1793,040710,27,2,4
1794,040930,27,3,4
1795,041110,27,4,4
1796,030610,27,5,4
1797,031330,27,6,4
1798,060710,27,1,5
1799,050610,27,2,5
1800,050930,27,3,5
1801,051220,27,4,5
1802,040610,27,5,5
1803,041330,27,6,5
1804,070610,27,1,6
1805,060710,27,2,6
1806,060930,27,3,6
1807,051120,27,4,6
1808,050610,27,5,6
1809,051320,27,6,6
1810,080610,27,1,7
1811,070710,27,2,7
1812,070930,27,3,7
1813,061330,27,4,7
1814,061320,27,5,7
1815,051010,27,6,7
1816,090610,27,1,8
1817,080710,27,2,8
1818,081110,27,3,8
1819,071210,27,4,8
1820,071310,27,5,8
1821,061330,27,6,8
1822,100610,27,1,9
1823,090710,27,2,9
1824,091010,27,3,9
1825,081110,27,4,9
1826,091320,27,5,9
1827,071330,27,6,9
1828,110610,27,1,10
1829,100710,27,2,10
1830,100940,27,3,10
1831,091010,27,4,10
1832,101330,27,5,10
1833,091320,27,6,10
1834,120610,27,1,11
1835,110710,27,2,11
1836,110920,27,3,11
1837,101110,27,4,11
1838,111310,27,5,11
1839,101330,27,6,11
1840,120710,27,2,12
1841,111010,27,4,12
1842,121330,27,5,12
1843,111310,27,6,12
1844,010110,28,1,1
1845,010110,28,2,1
1846,010110,28,3,1
1847,011010,28,4,1
1848,011330,28,5,1
1849,011330,28,6,1
1850,030120,28,1,2
1851,020110,28,2,2
1852,020940,28,3,2
1853,021210,28,4,2
1854,011330,28,5,2
1855,011330,28,6,2
1856,040110,28,1,3
1857,030120,28,2,3
1858,030120,28,3,3
1859,020510,28,4,3
1860,021340,28,5,3
1861,021340,28,6,3
1862,050110,28,1,4
1863,040110,28,2,4
1864,040920,28,3,4
1865,041110,28,4,4
1866,031340,28,5,4
1867,031340,28,6,4
1868,060110,28,1,5
1869,050110,28,2,5
1870,050930,28,3,5
1871,051010,28,4,5
1872,041340,28,5,5
1873,041340,28,6,5
1874,070110,28,1,6
1875,060110,28,2,6
1876,060930,28,3,6
1877,051010,28,4,6
1878,061340,28,5,6
1879,061340,28,6,6
1880,080110,28,1,7
1881,070110,28,2,7
1882,070940,28,3,7
1883,061330,28,4,7
1884,061320,28,5,7
1885,061340,28,6,7
1886,090110,28,1,8
1887,080110,28,2,8
1888,080930,28,3,8
1889,071210,28,4,8
1890,071310,28,5,8
1891,061330,28,6,8
1892,100110,28,1,9
1893,090110,28,2,9
1894,091010,28,3,9
1895,080940,28,4,9
1896,091330,28,5,9
1897,071330,28,6,9
1898,110110,28,1,10
1899,100110,28,2,10
1900,100940,28,3,10
1901,090930,28,4,10
1902,101320,28,5,10
1903,091320,28,6,10
1904,120110,28,1,11
1905,110110,28,2,11
1906,110920,28,3,11
1907,100910,28,4,11
1908,111330,28,5,11
1909,101330,28,6,11
1910,120110,28,2,12
1911,110910,28,4,12
1912,121320,28,5,12
1913,111310,28,6,12
1914,010610,29,1,1
1915,010610,29,2,1
1916,010920,29,3,1
1917,011110,29,4,1
1918,011320,29,5,1
1919,011330,29,6,1
1920,030610,29,1,2
1921,020610,29,2,2
1922,020920,29,3,2
1923,021220,29,4,2
1924,011320,29,5,2
1925,011330,29,6,2
1926,040610,29,1,3
1927,030610,29,2,3
1928,030920,29,3,3
1929,031110,29,4,3
1930,021330,29,5,3
1931,021340,29,6,3
1932,050610,29,1,4
1933,040610,29,2,4
1934,040910,29,3,4
1935,041110,29,4,4
1936,031330,29,5,4
1937,031340,29,6,4
1938,060710,29,1,5
1939,050610,29,2,5
1940,050920,29,3,5
1941,051120,29,4,5
1942,041330,29,5,5
1943,041340,29,6,5
1944,070610,29,1,6
1945,060710,29,2,6
1946,060920,29,3,6
1947,051010,29,4,6
1948,061340,29,5,6
1949,050920,29,6,6
1950,080610,29,1,7
1951,070610,29,2,7
1952,070920,29,3,7
1953,061320,29,4,7
1954,061330,29,5,7
1955,051320,29,6,7
1956,090610,29,1,8
1957,080610,29,2,8
1958,081110,29,3,8
1959,071210,29,4,8
1960,071310,29,5,8
1961,061320,29,6,8
1962,100610,29,1,9
1963,090610,29,2,9
1964,090920,29,3,9
1965,080910,29,4,9
1966,091330,29,5,9
1967,071310,29,6,9
1968,110610,29,1,10
1969,100610,29,2,10
1970,101110,29,3,10
1971,090920,29,4,10
1972,101320,29,5,10
1973,091330,29,6,10
1974,120610,29,1,11
1975,110610,29,2,11
1976,111010,29,3,11
1977,101110,29,4,11
1978,111330,29,5,11
1979,101320,29,6,11
1980,120610,29,2,12
1981,111010,29,4,12
1982,121330,29,5,12
1983,111330,29,6,12
1984,010110,30,1,1
1985,010110,30,2,1
1986,010920,30,3,1
1987,011010,30,4,1
1988,011320,30,5,1
1989,011320,30,6,1
1990,030110,30,1,2
1991,020110,30,2,2
1992,020940,30,3,2
1993,020940,30,4,2
1994,011320,30,5,2
1995,011320,30,6,2
1996,040110,30,1,3
1997,030110,30,2,3
1998,030940,30,3,3
1999,020510,30,4,3
2000,021330,30,5,3
2001,021330,30,6,3
2002,050110,30,1,4
2003,040110,30,2,4
2004,040930,30,3,4
2005,040110,30,4,4
2006,031330,30,5,4
2007,031330,30,6,4
2008,060110,30,1,5
2009,050110,30,2,5
2010,050930,30,3,5
2011,051010,30,4,5
2012,041330,30,5,5
2013,041330,30,6,5
2014,070110,30,1,6
2015,060110,30,2,6
2016,060920,30,3,6
2017,061340,30,4,6
2018,051320,30,5,6
2019,051320,30,6,6
2020,080110,30,1,7
2021,071010,30,2,7
2022,070940,30,3,7
2023,061330,30,4,7
2024,060110,30,5,7
2025,051320,30,6,7
2026,090110,30,1,8
2027,080110,30,2,8
2028,081110,30,3,8
2029,071010,30,4,8
2030,071310,30,5,8
2031,061320,30,6,8
2032,100110,30,1,9
2033,090110,30,2,9
2034,090930,30,3,9
2035,080940,30,4,9
2036,091330,30,5,9
2037,071310,30,6,9
2038,110110,30,1,10
2039,100110,30,2,10
2040,100910,30,3,10
2041,090930,30,4,10
2042,101320,30,5,10
2043,091330,30,6,10
2044,120110,30,1,11
2045,110110,30,2,11
2046,110910,30,3,11
2047,100910,30,4,11
2048,111330,30,5,11
2049,101320,30,6,11
2050,120110,30,2,12
2051,110910,30,4,12
2052,121330,30,5,12
2053,111330,30,6,12
2054,010810,31,1,1
2055,010810,31,2,1
2056,010910,31,3,1
2057,011210,31,4,1
2058,011310,31,5,1
2059,011310,31,6,1
2060,030820,31,1,2
2061,020820,31,2,2
2062,020910,31,3,2
2063,021110,31,4,2
2064,011310,31,5,2
2065,011310,31,6,2
2066,040820,31,1,3
2067,030820,31,2,3
2068,030910,31,3,3
2069,031210,31,4,3
2070,021320,31,5,3
2071,021320,31,6,3
2072,050710,31,1,4
2073,041210,31,2,4
2074,040820,31,3,4
2075,041310,31,4,4
2076,031320,31,5,4
2077,031320,31,6,4
2078,050810,31,1,5
2079,050710,31,2,5
2080,050910,31,3,5
2081,051210,31,4,5
2082,041310,31,5,5
2083,041310,31,6,5
2084,070820,31,1,6
2085,050810,31,2,6
2086,060910,31,3,6
2087,051210,31,4,6
2088,050910,31,5,6
2089,051310,31,6,6
2090,080820,31,1,7
2091,070820,31,2,7
2092,070910,31,3,7
2093,061310,31,4,7
2094,061310,31,5,7
2095,051210,31,6,7
2096,090810,31,1,8
2097,080820,31,2,8
2098,081210,31,3,8
2099,070820,31,4,8
2100,071320,31,5,8
2101,061310,31,6,8
2102,100820,31,1,9
2103,090810,31,2,9
2104,091110,31,3,9
2105,080820,31,4,9
2106,091310,31,5,9
2107,071320,31,6,9
2108,110810,31,1,10
2109,100820,31,2,10
2110,101120,31,3,10
2111,090810,31,4,10
2112,101340,31,5,10
2113,091310,31,6,10
2114,120810,31,1,11
2115,110810,31,2,11
2116,110940,31,3,11
2117,100820,31,4,11
2118,111320,31,5,11
2119,101340,31,6,11
2120,120810,31,2,12
2121,110810,31,4,12
2122,121310,31,5,12
2123,111320,31,6,12
2124,010510,32,1,1
2125,010510,32,2,1
2126,010920,32,3,1
2127,011330,32,4,1
2128,010510,32,5,1
2129,011330,32,6,1
2130,030510,32,1,2
2131,020310,32,2,2
2132,020920,32,3,2
2133,021340,32,4,2
2134,010510,32,5,2
2135,011330,32,6,2
2136,040310,32,1,3
2137,030510,32,2,3
2138,030920,32,3,3
2139,031340,32,4,3
2140,020310,32,5,3
2141,021340,32,6,3
2142,050510,32,1,4
2143,040310,32,2,4
2144,040910,32,3,4
2145,041110,32,4,4
2146,030510,32,5,4
2147,031340,32,6,4
2148,060510,32,1,5
2149,050510,32,2,5
2150,050920,32,3,5
2151,050920,32,4,5
2152,040310,32,5,5
2153,041340,32,6,5
2154,070510,32,1,6
2155,060510,32,2,6
2156,060920,32,3,6
2157,051120,32,4,6
2158,050510,32,5,6
2159,061340,32,6,6
2160,080510,32,1,7
2161,070510,32,2,7
2162,070920,32,3,7
2163,061330,32,4,7
2164,060510,32,5,7
2165,051320,32,6,7
2166,090510,32,1,8
2167,080510,32,2,8
2168,080910,32,3,8
2169,071120,32,4,8
2170,071330,32,5,8
2171,061330,32,6,8
2172,100510,32,1,9
2173,090510,32,2,9
2174,090920,32,3,9
2175,081110,32,4,9
2176,091320,32,5,9
2177,071330,32,6,9
2178,110510,32,1,10
2179,100510,32,2,10
2180,100930,32,3,10
2181,090510,32,4,10
2182,101330,32,5,10
2183,091320,32,6,10
2184,120510,32,1,11
2185,110510,32,2,11
2186,110930,32,3,11
2187,101110,32,4,11
2188,111310,32,5,11
2189,101330,32,6,11
2190,120510,32,2,12
2191,110510,32,4,12
2192,121320,32,5,12
2193,111310,32,6,12
2194,010810,33,1,1
2195,010810,33,2,1
2196,010910,33,3,1
2197,011210,33,4,1
2198,011310,33,5,1
2199,011320,33,6,1
2200,030810,33,1,2
2201,020810,33,2,2
2202,020910,33,3,2
2203,021110,33,4,2
2204,011310,33,5,2
2205,011320,33,6,2
2206,040810,33,1,3
2207,030810,33,2,3
2208,030910,33,3,3
2209,031210,33,4,3
2210,021310,33,5,3
2211,021330,33,6,3
2212,050710,33,1,4
2213,040810,33,2,4
2214,041210,33,3,4
2215,041210,33,4,4
2216,031310,33,5,4
2217,031330,33,6,4
2218,050810,33,1,5
2219,050710,33,2,5
2220,050910,33,3,5
2221,051110,33,4,5
2222,041320,33,5,5
2223,041330,33,6,5
2224,070810,33,1,6
2225,050810,33,2,6
2226,060910,33,3,6
2227,051210,33,4,6
2228,051310,33,5,6
2229,051320,33,6,6
2230,080810,33,1,7
2231,071110,33,2,7
2232,070910,33,3,7
2233,061310,33,4,7
2234,050810,33,5,7
2235,051320,33,6,7
2236,090820,33,1,8
2237,080810,33,2,8
2238,080920,33,3,8
2239,071110,33,4,8
2240,071310,33,5,8
2241,061310,33,6,8
2242,100810,33,1,9
2243,090820,33,2,9
2244,091210,33,3,9
2245,081210,33,4,9
2246,091330,33,5,9
2247,071320,33,6,9
2248,110820,33,1,10
2249,100810,33,2,10
2250,100920,33,3,10
2251,091110,33,4,10
2252,101320,33,5,10
2253,091310,33,6,10
2254,120820,33,1,11
2255,110820,33,2,11
2256,110940,33,3,11
2257,101120,33,4,11
2258,111330,33,5,11
2259,101340,33,6,11
2260,120820,33,2,12
2261,111210,33,4,12
2262,121330,33,5,12
2263,111320,33,6,12
2264,010810,34,1,1
2265,010810,34,2,1
2266,010910,34,3,1
2267,011210,34,4,1
2268,011310,34,5,1
2269,011310,34,6,1
2270,030820,34,1,2
2271,020820,34,2,2
2272,020910,34,3,2
2273,021110,34,4,2
2274,011310,34,5,2
2275,011310,34,6,2
2276,040820,34,1,3
2277,030820,34,2,3
2278,030910,34,3,3
2279,031210,34,4,3
2280,021320,34,5,3
2281,021320,34,6,3
2282,050710,34,1,4
2283,040820,34,2,4
2284,041210,34,3,4
2285,041210,34,4,4
2286,031320,34,5,4
2287,031320,34,6,4
2288,050810,34,1,5
2289,050710,34,2,5
2290,050910,34,3,5
2291,051210,34,4,5
2292,041310,34,5,5
2293,041310,34,6,5
2294,070820,34,1,6
2295,050810,34,2,6
2296,060910,34,3,6
2297,051210,34,4,6
2298,050910,34,5,6
2299,051310,34,6,6
2300,080820,34,1,7
2301,070820,34,2,7
2302,070910,34,3,7
2303,061310,34,4,7
2304,061310,34,5,7
2305,051310,34,6,7
2306,090810,34,1,8
2307,080820,34,2,8
2308,081210,34,3,8
2309,071110,34,4,8
2310,071320,34,5,8
2311,061320,34,6,8
2312,100820,34,1,9
2313,090810,34,2,9
2314,091110,34,3,9
2315,081210,34,4,9
2316,091310,34,5,9
2317,071310,34,6,9
2318,110810,34,1,10
2319,100820,34,2,10
2320,101120,34,3,10
2321,091210,34,4,10
2322,101340,34,5,10
2323,091310,34,6,10
2324,120810,34,1,11
2325,110810,34,2,11
2326,111210,34,3,11
2327,101120,34,4,11
2328,111320,34,5,11
2329,101340,34,6,11
2330,120810,34,2,12
2331,111210,34,4,12
2332,121310,34,5,12
2333,111320,34,6,12
2334,010810,35,1,1
2335,010810,35,2,1
2336,010910,35,3,1
2337,011210,35,4,1
2338,011310,35,5,1
2339,011310,35,6,1
2340,030820,35,1,2
2341,020820,35,2,2
2342,020910,35,3,2
2343,021110,35,4,2
2344,011310,35,5,2
2345,011310,35,6,2
2346,040820,35,1,3
2347,030820,35,2,3
2348,030910,35,3,3
2349,031210,35,4,3
2350,021320,35,5,3
2351,021320,35,6,3
2352,050710,35,1,4
2353,040820,35,2,4
2354,041210,35,3,4
2355,041310,35,4,4
2356,031320,35,5,4
2357,031320,35,6,4
2358,050810,35,1,5
2359,050710,35,2,5
2360,050910,35,3,5
2361,051210,35,4,5
2362,041310,35,5,5
2363,041310,35,6,5
2364,070820,35,1,6
2365,050810,35,2,6
2366,060910,35,3,6
2367,051210,35,4,6
2368,050910,35,5,6
2369,051310,35,6,6
2370,080820,35,1,7
2371,071220,35,2,7
2372,070910,35,3,7
2373,061310,35,4,7
2374,061320,35,5,7
2375,051310,35,6,7
2376,090810,35,1,8
2377,080820,35,2,8
2378,080920,35,3,8
2379,071110,35,4,8
2380,071310,35,5,8
2381,061320,35,6,8
2382,100820,35,1,9
2383,090810,35,2,9
2384,091210,35,3,9
2385,081210,35,4,9
2386,091310,35,5,9
2387,071310,35,6,9
2388,110810,35,1,10
2389,100820,35,2,10
2390,100920,35,3,10
2391,091110,35,4,10
2392,101340,35,5,10
2393,091330,35,6,10
2394,120810,35,1,11
2395,110810,35,2,11
2396,110940,35,3,11
2397,101120,35,4,11
2398,111320,35,5,11
2399,101320,35,6,11
2400,120810,35,2,12
2401,111210,35,4,12
2402,121310,35,5,12
2403,111330,35,6,12
2404,010510,36,1,1
2405,010510,36,2,1
2406,010310,36,3,1
2407,011110,36,4,1
2408,011330,36,5,1
2409,011330,36,6,1
2410,030510,36,1,2
2411,020310,36,2,2
2412,020920,36,3,2
2413,021120,36,4,2
2414,011330,36,5,2
2415,011330,36,6,2
2416,040310,36,1,3
2417,030510,36,2,3
2418,030510,36,3,3
2419,031110,36,4,3
2420,021340,36,5,3
2421,021340,36,6,3
2422,050510,36,1,4
2423,040310,36,2,4
2424,040910,36,3,4
2425,041340,36,4,4
2426,031110,36,5,4
2427,031340,36,6,4
2428,060510,36,1,5
2429,050510,36,2,5
2430,050920,36,3,5
2431,061340,36,4,5
2432,040910,36,5,5
2433,041340,36,6,5
2434,070510,36,1,6
2435,060510,36,2,6
2436,061330,36,3,6
2437,050920,36,4,6
2438,050510,36,5,6
2439,061340,36,6,6
2440,080510,36,1,7
2441,070510,36,2,7
2442,070920,36,3,7
2443,061330,36,4,7
2444,060510,36,5,7
2445,051320,36,6,7
2446,090510,36,1,8
2447,080510,36,2,8
2448,080910,36,3,8
2449,070510,36,4,8
2450,071330,36,5,8
2451,061330,36,6,8
2452,100510,36,1,9
2453,090510,36,2,9
2454,090920,36,3,9
2455,080510,36,4,9
2456,091320,36,5,9
2457,071330,36,6,9
2458,110510,36,1,10
2459,100510,36,2,10
2460,101110,36,3,10
2461,090510,36,4,10
2462,101330,36,5,10
2463,091320,36,6,10
2464,120510,36,1,11
2465,110510,36,2,11
2466,110930,36,3,11
2467,100510,36,4,11
2468,111310,36,5,11
2469,101330,36,6,11
2470,120510,36,2,12
2471,110510,36,4,12
2472,121320,36,5,12
2473,111310,36,6,12
2474,010810,37,1,1
2475,010810,37,2,1
2476,010910,37,3,1
2477,011210,37,4,1
2478,011310,37,5,1
2479,011320,37,6,1
2480,030810,37,1,2
2481,020810,37,2,2
2482,020910,37,3,2
2483,021110,37,4,2
2484,011310,37,5,2
2485,011320,37,6,2
2486,040810,37,1,3
2487,030810,37,2,3
2488,030910,37,3,3
2489,031210,37,4,3
2490,021310,37,5,3
2491,021330,37,6,3
2492,050710,37,1,4
2493,040810,37,2,4
2494,041210,37,3,4
2495,041210,37,4,4
2496,031310,37,5,4
2497,031330,37,6,4
2498,050810,37,1,5
2499,050710,37,2,5
2500,050910,37,3,5
2501,051110,37,4,5
2502,041320,37,5,5
2503,041330,37,6,5
2504,070810,37,1,6
2505,050810,37,2,6
2506,060910,37,3,6
2507,051210,37,4,6
2508,051310,37,5,6
2509,051320,37,6,6
2510,080810,37,1,7
2511,070810,37,2,7
2512,070910,37,3,7
2513,061310,37,4,7
2514,061310,37,5,7
2515,051320,37,6,7
2516,090820,37,1,8
2517,080810,37,2,8
2518,080920,37,3,8
2519,071110,37,4,8
2520,071310,37,5,8
2521,061310,37,6,8
2522,100810,37,1,9
2523,090820,37,2,9
2524,091210,37,3,9
2525,081210,37,4,9
2526,091330,37,5,9
2527,071320,37,6,9
2528,110820,37,1,10
2529,100810,37,2,10
2530,100920,37,3,10
2531,091110,37,4,10
2532,101340,37,5,10
2533,091310,37,6,10
2534,120820,37,1,11
2535,110820,37,2,11
2536,110940,37,3,11
2537,101120,37,4,11
2538,111320,37,5,11
2539,101340,37,6,11
2540,120820,37,2,12
2541,111210,37,4,12
2542,121310,37,5,12
2543,111320,37,6,12
2544,010510,38,1,1
2545,010510,38,2,1
2546,010920,38,3,1
2547,011330,38,4,1
2548,010510,38,5,1
2549,011330,38,6,1
2550,030510,38,1,2
2551,020310,38,2,2
2552,020920,38,3,2
2553,021340,38,4,2
2554,010510,38,5,2
2555,011330,38,6,2
2556,040310,38,1,3
2557,030510,38,2,3
2558,030920,38,3,3
2559,031340,38,4,3
2560,020310,38,5,3
2561,021340,38,6,3
2562,050510,38,1,4
2563,040310,38,2,4
2564,040910,38,3,4
2565,041340,38,4,4
2566,030510,38,5,4
2567,031340,38,6,4
2568,060510,38,1,5
2569,050510,38,2,5
2570,050920,38,3,5
2571,061340,38,4,5
2572,040310,38,5,5
2573,041340,38,6,5
2574,070510,38,1,6
2575,060510,38,2,6
2576,060920,38,3,6
2577,061340,38,4,6
2578,050510,38,5,6
2579,061340,38,6,6
2580,080510,38,1,7
2581,070510,38,2,7
2582,070920,38,3,7
2583,061330,38,4,7
2584,061330,38,5,7
2585,051320,38,6,7
2586,090510,38,1,8
2587,080510,38,2,8
2588,080910,38,3,8
2589,070510,38,4,8
2590,071330,38,5,8
2591,061330,38,6,8
2592,100510,38,1,9
2593,090510,38,2,9
2594,090920,38,3,9
2595,080510,38,4,9
2596,091320,38,5,9
2597,071330,38,6,9
2598,110510,38,1,10
2599,100510,38,2,10
2600,100930,38,3,10
2601,090510,38,4,10
2602,101310,38,5,10
2603,091320,38,6,10
2604,120510,38,1,11
2605,110510,38,2,11
2606,110910,38,3,11
2607,100510,38,4,11
2608,111310,38,5,11
2609,101330,38,6,11
2610,120510,38,2,12
2611,110510,38,4,12
2612,121320,38,5,12
2613,111310,38,6,12
2614,010810,39,1,1
2615,010810,39,2,1
2616,010910,39,3,1
2617,011210,39,4,1
2618,011310,39,5,1
2619,011310,39,6,1
2620,030810,39,1,2
2621,020810,39,2,2
2622,020910,39,3,2
2623,021110,39,4,2
2624,011310,39,5,2
2625,011310,39,6,2
2626,040810,39,1,3
2627,030810,39,2,3
2628,030910,39,3,3
2629,031210,39,4,3
2630,021310,39,5,3
2631,021320,39,6,3
2632,050710,39,1,4
2633,040810,39,2,4
2634,041210,39,3,4
2635,041210,39,4,4
2636,031310,39,5,4
2637,031320,39,6,4
2638,050810,39,1,5
2639,050710,39,2,5
2640,050910,39,3,5
2641,051110,39,4,5
2642,041320,39,5,5
2643,041310,39,6,5
2644,070810,39,1,6
2645,050810,39,2,6
2646,060910,39,3,6
2647,051210,39,4,6
2648,051310,39,5,6
2649,051310,39,6,6
2650,080810,39,1,7
2651,071220,39,2,7
2652,070910,39,3,7
2653,061310,39,4,7
2654,061320,39,5,7
2655,051310,39,6,7
2656,090820,39,1,8
2657,080810,39,2,8
2658,080920,39,3,8
2659,071110,39,4,8
2660,071310,39,5,8
2661,061310,39,6,8
2662,100810,39,1,9
2663,090820,39,2,9
2664,091210,39,3,9
2665,080920,39,4,9
2666,091330,39,5,9
2667,071320,39,6,9
2668,110820,39,1,10
2669,100810,39,2,10
2670,100920,39,3,10
2671,091110,39,4,10
2672,101340,39,5,10
2673,091310,39,6,10
2674,120820,39,1,11
2675,110820,39,2,11
2676,110940,39,3,11
2677,101120,39,4,11
2678,111330,39,5,11
2679,101340,39,6,11
2680,120820,39,2,12
2681,111210,39,4,12
2682,121330,39,5,12
2683,111320,39,6,12
2684,010810,40,1,1
2685,010810,40,2,1
2686,010910,40,3,1
2687,011210,40,4,1
2688,011310,40,5,1
2689,011310,40,6,1
2690,030820,40,1,2
2691,020820,40,2,2
2692,020910,40,3,2
2693,021110,40,4,2
2694,011310,40,5,2
2695,011310,40,6,2
2696,040820,40,1,3
2697,030820,40,2,3
2698,030910,40,3,3
2699,031210,40,4,3
2700,021320,40,5,3
2701,021320,40,6,3
2702,050710,40,1,4
2703,040820,40,2,4
2704,041210,40,3,4
2705,041210,40,4,4
2706,031320,40,5,4
2707,031320,40,6,4
2708,050810,40,1,5
2709,050710,40,2,5
2710,050910,40,3,5
2711,051210,40,4,5
2712,041310,40,5,5
2713,041310,40,6,5
2714,070820,40,1,6
2715,050810,40,2,6
2716,060910,40,3,6
2717,051210,40,4,6
2718,050910,40,5,6
2719,051310,40,6,6
2720,080820,40,1,7
2721,070820,40,2,7
2722,070910,40,3,7
2723,061310,40,4,7
2724,050810,40,5,7
2725,051310,40,6,7
2726,090810,40,1,8
2727,080820,40,2,8
2728,081210,40,3,8
2729,070820,40,4,8
2730,071320,40,5,8
2731,061310,40,6,8
2732,100820,40,1,9
2733,090810,40,2,9
2734,091110,40,3,9
2735,080820,40,4,9
2736,091310,40,5,9
2737,071320,40,6,9
2738,110810,40,1,10
2739,100820,40,2,10
2740,101120,40,3,10
2741,090810,40,4,10
2742,101340,40,5,10
2743,091310,40,6,10
2744,120810,40,1,11
2745,110810,40,2,11
2746,111210,40,3,11
2747,100820,40,4,11
2748,111320,40,5,11
2749,101340,40,6,11
2750,120810,40,2,12
2751,110810,40,4,12
2752,121310,40,5,12
2753,111320,40,6,12
2754,010810,41,1,1
2755,010810,41,2,1
2756,010910,41,3,1
2757,011210,41,4,1
2758,011310,41,5,1
2759,011320,41,6,1
2760,030810,41,1,2
2761,020810,41,2,2
2762,020910,41,3,2
2763,021110,41,4,2
2764,011310,41,5,2
2765,011310,41,6,2
2766,040810,41,1,3
2767,030810,41,2,3
2768,030910,41,3,3
2769,031210,41,4,3
2770,021310,41,5,3
2771,021330,41,6,3
2772,050710,41,1,4
2773,040810,41,2,4
2774,041210,41,3,4
2775,041210,41,4,4
2776,031320,41,5,4
2777,031310,41,6,4
2778,050810,41,1,5
2779,050710,41,2,5
2780,050910,41,3,5
2781,051110,41,4,5
2782,041320,41,5,5
2783,041330,41,6,5
2784,070810,41,1,6
2785,050810,41,2,6
2786,060910,41,3,6
2787,051210,41,4,6
2788,051310,41,5,6
2789,051310,41,6,6
2790,080810,41,1,7
2791,070810,41,2,7
2792,070910,41,3,7
2793,061310,41,4,7
2794,061310,41,5,7
2795,051110,41,6,7
2796,090820,41,1,8
2797,080810,41,2,8
2798,080920,41,3,8
2799,071110,41,4,8
2800,071320,41,5,8
2801,061310,41,6,8
2802,100810,41,1,9
2803,090820,41,2,9
2804,091210,41,3,9
2805,081210,41,4,9
2806,091310,41,5,9
2807,071320,41,6,9
2808,110820,41,1,10
2809,100810,41,2,10
2810,100920,41,3,10
2811,091210,41,4,10
2812,101340,41,5,10
2813,091310,41,6,10
2814,120820,41,1,11
2815,110820,41,2,11
2816,110940,41,3,11
2817,100920,41,4,11
2818,111330,41,5,11
2819,101340,41,6,11
2820,120820,41,2,12
2821,110940,41,4,12
2822,121330,41,5,12
2823,111330,41,6,12
2824,010810,42,1,1
2825,010810,42,2,1
2826,010910,42,3,1
2827,011210,42,4,1
2828,011310,42,5,1
2829,011310,42,6,1
2830,030820,42,1,2
2831,020820,42,2,2
2832,020910,42,3,2
2833,021110,42,4,2
2834,011310,42,5,2
2835,011310,42,6,2
2836,040820,42,1,3
2837,030820,42,2,3
2838,030910,42,3,3
2839,031210,42,4,3
2840,021320,42,5,3
2841,021320,42,6,3
2842,050710,42,1,4
2843,040820,42,2,4
2844,041210,42,3,4
2845,041310,42,4,4
2846,031320,42,5,4
2847,031320,42,6,4
2848,050810,42,1,5
2849,050710,42,2,5
2850,050910,42,3,5
2851,051210,42,4,5
2852,041310,42,5,5
2853,041310,42,6,5
2854,070820,42,1,6
2855,050810,42,2,6
2856,060910,42,3,6
2857,051210,42,4,6
2858,050910,42,5,6
2859,051310,42,6,6
2860,080820,42,1,7
2861,070820,42,2,7
2862,070910,42,3,7
2863,061310,42,4,7
2864,050810,42,5,7
2865,051310,42,6,7
2866,090810,42,1,8
2867,080820,42,2,8
2868,081210,42,3,8
2869,070820,42,4,8
2870,071320,42,5,8
2871,061310,42,6,8
2872,100820,42,1,9
2873,090810,42,2,9
2874,091110,42,3,9
2875,080820,42,4,9
2876,091310,42,5,9
2877,071320,42,6,9
2878,110810,42,1,10
2879,100820,42,2,10
2880,101120,42,3,10
2881,090810,42,4,10
2882,101340,42,5,10
2883,091310,42,6,10
2884,120810,42,1,11
2885,110810,42,2,11
2886,111210,42,3,11
2887,100820,42,4,11
2888,111320,42,5,11
2889,101340,42,6,11
2890,120810,42,2,12
2891,110810,42,4,12
2892,121310,42,5,12
2893,111320,42,6,12
2894,010810,43,1,1
2895,010810,43,2,1
2896,010910,43,3,1
2897,011210,43,4,1
2898,011310,43,5,1
2899,011320,43,6,1
2900,030810,43,1,2
2901,020810,43,2,2
2902,020910,43,3,2
2903,021110,43,4,2
2904,011310,43,5,2
2905,011320,43,6,2
2906,040810,43,1,3
2907,030810,43,2,3
2908,030910,43,3,3
2909,031210,43,4,3
2910,021310,43,5,3
2911,021330,43,6,3
2912,050710,43,1,4
2913,040810,43,2,4
2914,041210,43,3,4
2915,041210,43,4,4
2916,031310,43,5,4
2917,031330,43,6,4
2918,050810,43,1,5
2919,050710,43,2,5
2920,050910,43,3,5
2921,051110,43,4,5
2922,041320,43,5,5
2923,041330,43,6,5
2924,070810,43,1,6
2925,050810,43,2,6
2926,060910,43,3,6
2927,051210,43,4,6
2928,051310,43,5,6
2929,051320,43,6,6
2930,080810,43,1,7
2931,071110,43,2,7
2932,070910,43,3,7
2933,061310,43,4,7
2934,050810,43,5,7
2935,051320,43,6,7
2936,090820,43,1,8
2937,080810,43,2,8
2938,080920,43,3,8
2939,071110,43,4,8
2940,071310,43,5,8
2941,061310,43,6,8
2942,100810,43,1,9
2943,090820,43,2,9
2944,091210,43,3,9
2945,081210,43,4,9
2946,091330,43,5,9
2947,071320,43,6,9
2948,110820,43,1,10
2949,100810,43,2,10
2950,101120,43,3,10
2951,091210,43,4,10
2952,101340,43,5,10
2953,091310,43,6,10
2954,120820,43,1,11
2955,110820,43,2,11
2956,110940,43,3,11
2957,101120,43,4,11
2958,111320,43,5,11
2959,101340,43,6,11
2960,120820,43,2,12
2961,111210,43,4,12
2962,121310,43,5,12
2963,111320,43,6,12
2964,010510,44,1,1
2965,010510,44,2,1
2966,010920,44,3,1
2967,011110,44,4,1
2968,010310,44,5,1
2969,011330,44,6,1
2970,030510,44,1,2
2971,020310,44,2,2
2972,020920,44,3,2
2973,021120,44,4,2
2974,011330,44,5,2
2975,011330,44,6,2
2976,040310,44,1,3
2977,030510,44,2,3
2978,030920,44,3,3
2979,031110,44,4,3
2980,021340,44,5,3
2981,021340,44,6,3
2982,050510,44,1,4
2983,040310,44,2,4
2984,040910,44,3,4
2985,041110,44,4,4
2986,031340,44,5,4
2987,031340,44,6,4
2988,060510,44,1,5
2989,050510,44,2,5
2990,050920,44,3,5
2991,051120,44,4,5
2992,040310,44,5,5
2993,041340,44,6,5
2994,070510,44,1,6
2995,060510,44,2,6
2996,060920,44,3,6
2997,051120,44,4,6
2998,061340,44,5,6
2999,061340,44,6,6
3000,080510,44,1,7
3001,070510,44,2,7
3002,070920,44,3,7
3003,061330,44,4,7
3004,061320,44,5,7
3005,051320,44,6,7
3006,090510,44,1,8
3007,080510,44,2,8
3008,080910,44,3,8
3009,071120,44,4,8
3010,071330,44,5,8
3011,061330,44,6,8
3012,100510,44,1,9
3013,090510,44,2,9
3014,090920,44,3,9
3015,081110,44,4,9
3016,091320,44,5,9
3017,071330,44,6,9
3018,110510,44,1,10
3019,100510,44,2,10
3020,100930,44,3,10
3021,090510,44,4,10
3022,101320,44,5,10
3023,091320,44,6,10
3024,120510,44,1,11
3025,110510,44,2,11
3026,110910,44,3,11
3027,100510,44,4,11
3028,111330,44,5,11
3029,101330,44,6,11
3030,120510,44,2,12
3031,110510,44,4,12
3032,121320,44,5,12
3033,111310,44,6,12
3034,010510,45,1,1
3035,010510,45,2,1
3036,010920,45,3,1
3037,011330,45,4,1
3038,010510,45,5,1
3039,011330,45,6,1
3040,030510,45,1,2
3041,020310,45,2,2
3042,020920,45,3,2
3043,021340,45,4,2
3044,010510,45,5,2
3045,011330,45,6,2
3046,040310,45,1,3
3047,030510,45,2,3
3048,030920,45,3,3
3049,031340,45,4,3
3050,020310,45,5,3
3051,021340,45,6,3
3052,050510,45,1,4
3053,040310,45,2,4
3054,040910,45,3,4
3055,041110,45,4,4
3056,030510,45,5,4
3057,031340,45,6,4
3058,060510,45,1,5
3059,050510,45,2,5
3060,050920,45,3,5
3061,050920,45,4,5
3062,040310,45,5,5
3063,041340,45,6,5
3064,070510,45,1,6
3065,060510,45,2,6
3066,060920,45,3,6
3067,051120,45,4,6
3068,050510,45,5,6
3069,061340,45,6,6
3070,080510,45,1,7
3071,070510,45,2,7
3072,070920,45,3,7
3073,061330,45,4,7
3074,060510,45,5,7
3075,051320,45,6,7
3076,090510,45,1,8
3077,080510,45,2,8
3078,080910,45,3,8
3079,070510,45,4,8
3080,071330,45,5,8
3081,061330,45,6,8
3082,100510,45,1,9
3083,090510,45,2,9
3084,090920,45,3,9
3085,080510,45,4,9
3086,091320,45,5,9
3087,071330,45,6,9
3088,110510,45,1,10
3089,100510,45,2,10
3090,101110,45,3,10
3091,090510,45,4,10
3092,101310,45,5,10
3093,091320,45,6,10
3094,120510,45,1,11
3095,110510,45,2,11
3096,110930,45,3,11
3097,100510,45,4,11
3098,111310,45,5,11
3099,101330,45,6,11
3100,120510,45,2,12
3101,110510,45,4,12
3102,121320,45,5,12
3103,111310,45,6,12
3104,010110,46,1,1
3105,011010,46,2,1
3106,010920,46,3,1
3107,011010,46,4,1
3108,011330,46,5,1
3109,011320,46,6,1
3110,030110,46,1,2
3111,021220,46,2,2
3112,020940,46,3,2
3113,021210,46,4,2
3114,011330,46,5,2
3115,011320,46,6,2
3116,040110,46,1,3
3117,020510,46,2,3
3118,030940,46,3,3
3119,020510,46,4,3
3120,020610,46,5,3
3121,021330,46,6,3
3122,050110,46,1,4
3123,041110,46,2,4
3124,040920,46,3,4
3125,041110,46,4,4
3126,030610,46,5,4
3127,031330,46,6,4
3128,060110,46,1,5
3129,051010,46,2,5
3130,050930,46,3,5
3131,051010,46,4,5
3132,041340,46,5,5
3133,041330,46,6,5
3134,070110,46,1,6
3135,061320,46,2,6
3136,060930,46,3,6
3137,051010,46,4,6
3138,061340,46,5,6
3139,051320,46,6,6
3140,080110,46,1,7
3141,071010,46,2,7
3142,070930,46,3,7
3143,061320,46,4,7
3144,061320,46,5,7
3145,051320,46,6,7
3146,090110,46,1,8
3147,080110,46,2,8
3148,081110,46,3,8
3149,071210,46,4,8
3150,071310,46,5,8
3151,061320,46,6,8
3152,100110,46,1,9
3153,090110,46,2,9
3154,090910,46,3,9
3155,080930,46,4,9
3156,091330,46,5,9
3157,071310,46,6,9
3158,110110,46,1,10
3159,100110,46,2,10
3160,100910,46,3,10
3161,091010,46,4,10
3162,101330,46,5,10
3163,091330,46,6,10
3164,120110,46,1,11
3165,110110,46,2,11
3166,110920,46,3,11
3167,101110,46,4,11
3168,111330,46,5,11
3169,101320,46,6,11
3170,120110,46,2,12
3171,111010,46,4,12
3172,121330,46,5,12
3173,111330,46,6,12
3174,010410,47,1,1
3175,010410,47,2,1
3176,010920,47,3,1
3177,011110,47,4,1
3178,011320,47,5,1
3179,011330,47,6,1
3180,030410,47,1,2
3181,020310,47,2,2
3182,020920,47,3,2
3183,021220,47,4,2
3184,011320,47,5,2
3185,011330,47,6,2
3186,040310,47,1,3
3187,030410,47,2,3
3188,030920,47,3,3
3189,031110,47,4,3
3190,021330,47,5,3
3191,021340,47,6,3
3192,050410,47,1,4
3193,040310,47,2,4
3194,040910,47,3,4
3195,041110,47,4,4
3196,031330,47,5,4
3197,031340,47,6,4
3198,060310,47,1,5
3199,050410,47,2,5
3200,050920,47,3,5
3201,051120,47,4,5
3202,041330,47,5,5
3203,041340,47,6,5
3204,070410,47,1,6
3205,060310,47,2,6
3206,060920,47,3,6
3207,051010,47,4,6
3208,061340,47,5,6
3209,050920,47,6,6
3210,080410,47,1,7
3211,070410,47,2,7
3212,070920,47,3,7
3213,061320,47,4,7
3214,061330,47,5,7
3215,051320,47,6,7
3216,090410,47,1,8
3217,080410,47,2,8
3218,081110,47,3,8
3219,071210,47,4,8
3220,071310,47,5,8
3221,061320,47,6,8
3222,100410,47,1,9
3223,090410,47,2,9
3224,090920,47,3,9
3225,080410,47,4,9
3226,091330,47,5,9
3227,071330,47,6,9
3228,110410,47,1,10
3229,100410,47,2,10
3230,100930,47,3,10
3231,090920,47,4,10
3232,101330,47,5,10
3233,091320,47,6,10
3234,120410,47,1,11
3235,110410,47,2,11
3236,110930,47,3,11
3237,100930,47,4,11
3238,111310,47,5,11
3239,101330,47,6,11
3240,120410,47,2,12
3241,110930,47,4,12
3242,121330,47,5,12
3243,111310,47,6,12
3244,010810,48,1,1
3245,010810,48,2,1
3246,010910,48,3,1
3247,011210,48,4,1
3248,011310,48,5,1
3249,011310,48,6,1
3250,030820,48,1,2
3251,020820,48,2,2
3252,020910,48,3,2
3253,021110,48,4,2
3254,011310,48,5,2
3255,011310,48,6,2
3256,040820,48,1,3
3257,030820,48,2,3
3258,030910,48,3,3
3259,031210,48,4,3
3260,021320,48,5,3
3261,021320,48,6,3
3262,050710,48,1,4
3263,041210,48,2,4
3264,040810,48,3,4
3265,041310,48,4,4
3266,031320,48,5,4
3267,031320,48,6,4
3268,050810,48,1,5
3269,050710,48,2,5
3270,050910,48,3,5
3271,051210,48,4,5
3272,041310,48,5,5
3273,041310,48,6,5
3274,070820,48,1,6
3275,050810,48,2,6
3276,060910,48,3,6
3277,051210,48,4,6
3278,050910,48,5,6
3279,051310,48,6,6
3280,080820,48,1,7
3281,070820,48,2,7
3282,070910,48,3,7
3283,061310,48,4,7
3284,061310,48,5,7
3285,051310,48,6,7
3286,090810,48,1,8
3287,080820,48,2,8
3288,081210,48,3,8
3289,070820,48,4,8
3290,071320,48,5,8
3291,061310,48,6,8
3292,100820,48,1,9
3293,090810,48,2,9
3294,091110,48,3,9
3295,080820,48,4,9
3296,091310,48,5,9
3297,071320,48,6,9
3298,110810,48,1,10
3299,100820,48,2,10
3300,101120,48,3,10
3301,090810,48,4,10
3302,101340,48,5,10
3303,091310,48,6,10
3304,120810,48,1,11
3305,110810,48,2,11
3306,111210,48,3,11
3307,100820,48,4,11
3308,111320,48,5,11
3309,101340,48,6,11
3310,120810,48,2,12
3311,110810,48,4,12
3312,121310,48,5,12
3313,111320,48,6,12
3314,010810,49,1,1
3315,010810,49,2,1
3316,010910,49,3,1
3317,011210,49,4,1
3318,011310,49,5,1
3319,011320,49,6,1
3320,030810,49,1,2
3321,020810,49,2,2
3322,020910,49,3,2
3323,021110,49,4,2
3324,011310,49,5,2
3325,011310,49,6,2
3326,040810,49,1,3
3327,030810,49,2,3
3328,030910,49,3,3
3329,031210,49,4,3
3330,021310,49,5,3
3331,021330,49,6,3
3332,050710,49,1,4
3333,040810,49,2,4
3334,041210,49,3,4
3335,041210,49,4,4
3336,031320,49,5,4
3337,031310,49,6,4
3338,050810,49,1,5
3339,050710,49,2,5
3340,050910,49,3,5
3341,051110,49,4,5
3342,041320,49,5,5
3343,041330,49,6,5
3344,070810,49,1,6
3345,050810,49,2,6
3346,060910,49,3,6
3347,051210,49,4,6
3348,051310,49,5,6
3349,051310,49,6,6
3350,080810,49,1,7
3351,070810,49,2,7
3352,070910,49,3,7
3353,061310,49,4,7
3354,061310,49,5,7
3355,051110,49,6,7
3356,090820,49,1,8
3357,080810,49,2,8
3358,080920,49,3,8
3359,071110,49,4,8
3360,071320,49,5,8
3361,061310,49,6,8
3362,100810,49,1,9
3363,090820,49,2,9
3364,091210,49,3,9
3365,081210,49,4,9
3366,091310,49,5,9
3367,071320,49,6,9
3368,110820,49,1,10
3369,100810,49,2,10
3370,100920,49,3,10
3371,091210,49,4,10
3372,101340,49,5,10
3373,091310,49,6,10
3374,120820,49,1,11
3375,110820,49,2,11
3376,110940,49,3,11
3377,101120,49,4,11
3378,111330,49,5,11
3379,101340,49,6,11
3380,120820,49,2,12
3381,111210,49,4,12
3382,121330,49,5,12
3383,111320,49,6,12
3384,010810,50,1,1
3385,010810,50,2,1
3386,010910,50,3,1
3387,011210,50,4,1
3388,011310,50,5,1
3389,011310,50,6,1
3390,030820,50,1,2
3391,020820,50,2,2
3392,020910,50,3,2
3393,021110,50,4,2
3394,011310,50,5,2
3395,011310,50,6,2
3396,040820,50,1,3
3397,030820,50,2,3
3398,030910,50,3,3
3399,031210,50,4,3
3400,021320,50,5,3
3401,021320,50,6,3
3402,050710,50,1,4
3403,041210,50,2,4
3404,040810,50,3,4
3405,041310,50,4,4
3406,031320,50,5,4
3407,031320,50,6,4
3408,050810,50,1,5
3409,050710,50,2,5
3410,050910,50,3,5
3411,051210,50,4,5
3412,041310,50,5,5
3413,041310,50,6,5
3414,070820,50,1,6
3415,050810,50,2,6
3416,060910,50,3,6
3417,051210,50,4,6
3418,050910,50,5,6
3419,051310,50,6,6
3420,080820,50,1,7
3421,070820,50,2,7
3422,070910,50,3,7
3423,061310,50,4,7
3424,061310,50,5,7
3425,051310,50,6,7
3426,090810,50,1,8
3427,080820,50,2,8
3428,081210,50,3,8
3429,070820,50,4,8
3430,071320,50,5,8
3431,061310,50,6,8
3432,100820,50,1,9
3433,090810,50,2,9
3434,091110,50,3,9
3435,080820,50,4,9
3436,091310,50,5,9
3437,071320,50,6,9
3438,110810,50,1,10
3439,100820,50,2,10
3440,101120,50,3,10
3441,090810,50,4,10
3442,101340,50,5,10
3443,091310,50,6,10
3444,120810,50,1,11
3445,110810,50,2,11
3446,111210,50,3,11
3447,100820,50,4,11
3448,111320,50,5,11
3449,101340,50,6,11
3450,120810,50,2,12
3451,110810,50,4,12
3452,121310,50,5,12
3453,111320,50,6,12
3454,010710,51,1,1
3455,010710,51,2,1
3456,010920,51,3,1
3457,011010,51,4,1
3458,011330,51,5,1
3459,011320,51,6,1
3460,030710,51,1,2
3461,020710,51,2,2
3462,020930,51,3,2
3463,021210,51,4,2
3464,011330,51,5,2
3465,011330,51,6,2
3466,040710,51,1,3
3467,030710,51,2,3
3468,030940,51,3,3
3469,020510,51,4,3
3470,020710,51,5,3
3471,021340,51,6,3
3472,050720,51,1,4
3473,040710,51,2,4
3474,040920,51,3,4
3475,041330,51,4,4
3476,031340,51,5,4
3477,031340,51,6,4
3478,060710,51,1,5
3479,050720,51,2,5
3480,050930,51,3,5
3481,051010,51,4,5
3482,040710,51,5,5
3483,041340,51,6,5
3484,070710,51,1,6
3485,060710,51,2,6
3486,060930,51,3,6
3487,051010,51,4,6
3488,061340,51,5,6
3489,061340,51,6,6
3490,080710,51,1,7
3491,070710,51,2,7
3492,070930,51,3,7
3493,061330,51,4,7
3494,060710,51,5,7
3495,051320,51,6,7
3496,090710,51,1,8
3497,080710,51,2,8
3498,080940,51,3,8
3499,071010,51,4,8
3500,071330,51,5,8
3501,061330,51,6,8
3502,100710,51,1,9
3503,090710,51,2,9
3504,091010,51,3,9
3505,080940,51,4,9
3506,091320,51,5,9
3507,071330,51,6,9
3508,110710,51,1,10
3509,100710,51,2,10
3510,101110,51,3,10
3511,090930,51,4,10
3512,101320,51,5,10
3513,091320,51,6,10
3514,120710,51,1,11
3515,110710,51,2,11
3516,111010,51,3,11
3517,100910,51,4,11
3518,111310,51,5,11
3519,101310,51,6,11
3520,120710,51,2,12
3521,110910,51,4,12
3522,121320,51,5,12
3523,111310,51,6,12
3524,010610,52,1,1
3525,010610,52,2,1
3526,010920,52,3,1
3527,011110,52,4,1
3528,011320,52,5,1
3529,011320,52,6,1
3530,030610,52,1,2
3531,020610,52,2,2
3532,020920,52,3,2
3533,021220,52,4,2
3534,011320,52,5,2
3535,011320,52,6,2
3536,040610,52,1,3
3537,030610,52,2,3
3538,030920,52,3,3
3539,031110,52,4,3
3540,021330,52,5,3
3541,021330,52,6,3
3542,050610,52,1,4
3543,040610,52,2,4
3544,040910,52,3,4
3545,041110,52,4,4
3546,031330,52,5,4
3547,031340,52,6,4
3548,060710,52,1,5
3549,050610,52,2,5
3550,050920,52,3,5
3551,051120,52,4,5
3552,041330,52,5,5
3553,041340,52,6,5
3554,070610,52,1,6
3555,060710,52,2,6
3556,060920,52,3,6
3557,051010,52,4,6
3558,061340,52,5,6
3559,051320,52,6,6
3560,080610,52,1,7
3561,070610,52,2,7
3562,070920,52,3,7
3563,061320,52,4,7
3564,061330,52,5,7
3565,051320,52,6,7
3566,090610,52,1,8
3567,080610,52,2,8
3568,081110,52,3,8
3569,071210,52,4,8
3570,071330,52,5,8
3571,061320,52,6,8
3572,100610,52,1,9
3573,090610,52,2,9
3574,091010,52,3,9
3575,081110,52,4,9
3576,091330,52,5,9
3577,071310,52,6,9
3578,110610,52,1,10
3579,100610,52,2,10
3580,101110,52,3,10
3581,090920,52,4,10
3582,101320,52,5,10
3583,091330,52,6,10
3584,120610,52,1,11
3585,110610,52,2,11
3586,111010,52,3,11
3587,100930,52,4,11
3588,111330,52,5,11
3589,101320,52,6,11
3590,120610,52,2,12
3591,110930,52,4,12
3592,121330,52,5,12
3593,111330,52,6,12
3594,010110,53,1,1
3595,010110,53,2,1
3596,010920,53,3,1
3597,011010,53,4,1
3598,010110,53,5,1
3599,011330,53,6,1
3600,030120,53,1,2
3601,020110,53,2,2
3602,020940,53,3,2
3603,020310,53,4,2
3604,011330,53,5,2
3605,011330,53,6,2
3606,040110,53,1,3
3607,030120,53,2,3
3608,030940,53,3,3
3609,020510,53,4,3
3610,020110,53,5,3
3611,021340,53,6,3
3612,050110,53,1,4
3613,040110,53,2,4
3614,040920,53,3,4
3615,041110,53,4,4
3616,031340,53,5,4
3617,031340,53,6,4
3618,060110,53,1,5
3619,050110,53,2,5
3620,050930,53,3,5
3621,051010,53,4,5
3622,040310,53,5,5
3623,041340,53,6,5
3624,070110,53,1,6
3625,060110,53,2,6
3626,060930,53,3,6
3627,051010,53,4,6
3628,061340,53,5,6
3629,061340,53,6,6
3630,080110,53,1,7
3631,070110,53,2,7
3632,070940,53,3,7
3633,060110,53,4,7
3634,061330,53,5,7
3635,061340,53,6,7
3636,090110,53,1,8
3637,080110,53,2,8
3638,080940,53,3,8
3639,070110,53,4,8
3640,071330,53,5,8
3641,061330,53,6,8
3642,100110,53,1,9
3643,090110,53,2,9
3644,091010,53,3,9
3645,080110,53,4,9
3646,091320,53,5,9
3647,071330,53,6,9
3648,110110,53,1,10
3649,100110,53,2,10
3650,100910,53,3,10
3651,090110,53,4,10
3652,101330,53,5,10
3653,091320,53,6,10
3654,120110,53,1,11
3655,110110,53,2,11
3656,110910,53,3,11
3657,100110,53,4,11
3658,111310,53,5,11
3659,101310,53,6,11
3660,120110,53,2,12
3661,110110,53,4,12
3662,121320,53,5,12
3663,111310,53,6,12
3664,010610,54,1,1
3665,010610,54,2,1
3666,010920,54,3,1
3667,011110,54,4,1
3668,011320,54,5,1
3669,011320,54,6,1
3670,030610,54,1,2
3671,020610,54,2,2
3672,020920,54,3,2
3673,021220,54,4,2
3674,011320,54,5,2
3675,011320,54,6,2
3676,040610,54,1,3
3677,030610,54,2,3
3678,030920,54,3,3
3679,031110,54,4,3
3680,021330,54,5,3
3681,021330,54,6,3
3682,050610,54,1,4
3683,040610,54,2,4
3684,040910,54,3,4
3685,041110,54,4,4
3686,031330,54,5,4
3687,031330,54,6,4
3688,060710,54,1,5
3689,050610,54,2,5
3690,050920,54,3,5
3691,051120,54,4,5
3692,041330,54,5,5
3693,041330,54,6,5
3694,070610,54,1,6
3695,060710,54,2,6
3696,060920,54,3,6
3697,051010,54,4,6
3698,051320,54,5,6
3699,051320,54,6,6
3700,080610,54,1,7
3701,070610,54,2,7
3702,070920,54,3,7
3703,061320,54,4,7
3704,061310,54,5,7
3705,051320,54,6,7
3706,090610,54,1,8
3707,080610,54,2,8
3708,081110,54,3,8
3709,071210,54,4,8
3710,071310,54,5,8
3711,061310,54,6,8
3712,100610,54,1,9
3713,090610,54,2,9
3714,090920,54,3,9
3715,081110,54,4,9
3716,091330,54,5,9
3717,071310,54,6,9
3718,110610,54,1,10
3719,100610,54,2,10
3720,101110,54,3,10
3721,090920,54,4,10
3722,101320,54,5,10
3723,091330,54,6,10
3724,120610,54,1,11
3725,110610,54,2,11
3726,111010,54,3,11
3727,100930,54,4,11
3728,111330,54,5,11
3729,101320,54,6,11
3730,120610,54,2,12
3731,110930,54,4,12
3732,121330,54,5,12
3733,111330,54,6,12
3734,010810,55,1,1
3735,010810,55,2,1
3736,010910,55,3,1
3737,011210,55,4,1
3738,011310,55,5,1
3739,011320,55,6,1
3740,030810,55,1,2
3741,020810,55,2,2
3742,020910,55,3,2
3743,021110,55,4,2
3744,011310,55,5,2
3745,011320,55,6,2
3746,040810,55,1,3
3747,030810,55,2,3
3748,030910,55,3,3
3749,031210,55,4,3
3750,021310,55,5,3
3751,021330,55,6,3
3752,050710,55,1,4
3753,040810,55,2,4
3754,041210,55,3,4
3755,041210,55,4,4
3756,031310,55,5,4
3757,031330,55,6,4
3758,050810,55,1,5
3759,050710,55,2,5
3760,050910,55,3,5
3761,051110,55,4,5
3762,041320,55,5,5
3763,041330,55,6,5
3764,070810,55,1,6
3765,050810,55,2,6
3766,060910,55,3,6
3767,051210,55,4,6
3768,051310,55,5,6
3769,051320,55,6,6
3770,080810,55,1,7
3771,071110,55,2,7
3772,070910,55,3,7
3773,061310,55,4,7
3774,050810,55,5,7
3775,051320,55,6,7
3776,090820,55,1,8
3777,080810,55,2,8
3778,080920,55,3,8
3779,071110,55,4,8
3780,071310,55,5,8
3781,061310,55,6,8
3782,100810,55,1,9
3783,090820,55,2,9
3784,091110,55,3,9
3785,081210,55,4,9
3786,091330,55,5,9
3787,071320,55,6,9
3788,110820,55,1,10
3789,100810,55,2,10
3790,100920,55,3,10
3791,091210,55,4,10
3792,101320,55,5,10
3793,091310,55,6,10
3794,120820,55,1,11
3795,110820,55,2,11
3796,110940,55,3,11
3797,101120,55,4,11
3798,111330,55,5,11
3799,101340,55,6,11
3800,120820,55,2,12
3801,111210,55,4,12
3802,121330,55,5,12
3803,111320,55,6,12
3804,010810,56,1,1
3805,010810,56,2,1
3806,010910,56,3,1
3807,011210,56,4,1
3808,011310,56,5,1
3809,011310,56,6,1
3810,030820,56,1,2
3811,020820,56,2,2
3812,020910,56,3,2
3813,021110,56,4,2
3814,011310,56,5,2
3815,011310,56,6,2
3816,040820,56,1,3
3817,030820,56,2,3
3818,030910,56,3,3
3819,031210,56,4,3
3820,021320,56,5,3
3821,021320,56,6,3
3822,050710,56,1,4
3823,040820,56,2,4
3824,041210,56,3,4
3825,041210,56,4,4
3826,031320,56,5,4
3827,031320,56,6,4
3828,050810,56,1,5
3829,050710,56,2,5
3830,050910,56,3,5
3831,051210,56,4,5
3832,041310,56,5,5
3833,041310,56,6,5
3834,070820,56,1,6
3835,050810,56,2,6
3836,060910,56,3,6
3837,051210,56,4,6
3838,050910,56,5,6
3839,051310,56,6,6
3840,080820,56,1,7
3841,070820,56,2,7
3842,070910,56,3,7
3843,061310,56,4,7
3844,050810,56,5,7
3845,051310,56,6,7
3846,090810,56,1,8
3847,080820,56,2,8
3848,081210,56,3,8
3849,070820,56,4,8
3850,071320,56,5,8
3851,061310,56,6,8
3852,100820,56,1,9
3853,090810,56,2,9
3854,091210,56,3,9
3855,080820,56,4,9
3856,091310,56,5,9
3857,071320,56,6,9
3858,110810,56,1,10
3859,100820,56,2,10
3860,101120,56,3,10
3861,090810,56,4,10
3862,101340,56,5,10
3863,091310,56,6,10
3864,120810,56,1,11
3865,110810,56,2,11
3866,111210,56,3,11
3867,100820,56,4,11
3868,111320,56,5,11
3869,101340,56,6,11
3870,120810,56,2,12
3871,110810,56,4,12
3872,121310,56,5,12
3873,111320,56,6,12
3874,010610,57,1,1
3875,010710,57,2,1
3876,010920,57,3,1
3877,011110,57,4,1
3878,010610,57,5,1
3879,011320,57,6,1
3880,030610,57,1,2
3881,020710,57,2,2
3882,020930,57,3,2
3883,021210,57,4,2
3884,010610,57,5,2
3885,011320,57,6,2
3886,040610,57,1,3
3887,030710,57,2,3
3888,030940,57,3,3
3889,020510,57,4,3
3890,020610,57,5,3
3891,021330,57,6,3
3892,050610,57,1,4
3893,040710,57,2,4
3894,040930,57,3,4
3895,041110,57,4,4
3896,030610,57,5,4
3897,031330,57,6,4
3898,060710,57,1,5
3899,050610,57,2,5
3900,050930,57,3,5
3901,051220,57,4,5
3902,040610,57,5,5
3903,041330,57,6,5
3904,070610,57,1,6
3905,060710,57,2,6
3906,060930,57,3,6
3907,051120,57,4,6
3908,050610,57,5,6
3909,051320,57,6,6
3910,080610,57,1,7
3911,070710,57,2,7
3912,070930,57,3,7
3913,061330,57,4,7
3914,061320,57,5,7
3915,051010,57,6,7
3916,090610,57,1,8
3917,080710,57,2,8
3918,081110,57,3,8
3919,071210,57,4,8
3920,071310,57,5,8
3921,061330,57,6,8
3922,100710,57,1,9
3923,090710,57,2,9
3924,090930,57,3,9
3925,081110,57,4,9
3926,091320,57,5,9
3927,071330,57,6,9
3928,110610,57,1,10
3929,100710,57,2,10
3930,100910,57,3,10
3931,090610,57,4,10
3932,101330,57,5,10
3933,091320,57,6,10
3934,120610,57,1,11
3935,110710,57,2,11
3936,110910,57,3,11
3937,100610,57,4,11
3938,111310,57,5,11
3939,101330,57,6,11
3940,120610,57,2,12
3941,110610,57,4,12
3942,121320,57,5,12
3943,111310,57,6,12
3944,010310,58,1,1
3945,010310,58,2,1
3946,010920,58,3,1
3947,011110,58,4,1
3948,011330,58,5,1
3949,011330,58,6,1
3950,030210,58,1,2
3951,020310,58,2,2
3952,021120,58,3,2
3953,021120,58,4,2
3954,011330,58,5,2
3955,011330,58,6,2
3956,040310,58,1,3
3957,030210,58,2,3
3958,030920,58,3,3
3959,031110,58,4,3
3960,021340,58,5,3
3961,021340,58,6,3
3962,050210,58,1,4
3963,041110,58,2,4
3964,040910,58,3,4
3965,041110,58,4,4
3966,031340,58,5,4
3967,031340,58,6,4
3968,060310,58,1,5
3969,050210,58,2,5
3970,050920,58,3,5
3971,051120,58,4,5
3972,041340,58,5,5
3973,041340,58,6,5
3974,070310,58,1,6
3975,060310,58,2,6
3976,060920,58,3,6
3977,051120,58,4,6
3978,061340,58,5,6
3979,061340,58,6,6
3980,080310,58,1,7
3981,070310,58,2,7
3982,070920,58,3,7
3983,061330,58,4,7
3984,060310,58,5,7
3985,061340,58,6,7
3986,090310,58,1,8
3987,080310,58,2,8
3988,080910,58,3,8
3989,071120,58,4,8
3990,071330,58,5,8
3991,061330,58,6,8
3992,100310,58,1,9
3993,090310,58,2,9
3994,090920,58,3,9
3995,080910,58,4,9
3996,091330,58,5,9
3997,071330,58,6,9
3998,110310,58,1,10
3999,100310,58,2,10
4000,101110,58,3,10
4001,090920,58,4,10
4002,101330,58,5,10
4003,091320,58,6,10
4004,120310,58,1,11
4005,110310,58,2,11
4006,111010,58,3,11
4007,100930,58,4,11
4008,111310,58,5,11
4009,101310,58,6,11
4010,120310,58,2,12
4011,110930,58,4,12
4012,121320,58,5,12
4013,111310,58,6,12
4014,010110,59,1,1
4015,010310,59,2,1
4016,010920,59,3,1
4017,011010,59,4,1
4018,010110,59,5,1
4019,011330,59,6,1
4020,030210,59,1,2
4021,020310,59,2,2
4022,020940,59,3,2
4023,021210,59,4,2
4024,011330,59,5,2
4025,011330,59,6,2
4026,040110,59,1,3
4027,030210,59,2,3
4028,030940,59,3,3
4029,020510,59,4,3
4030,020110,59,5,3
4031,021340,59,6,3
4032,050210,59,1,4
4033,040310,59,2,4
4034,040930,59,3,4
4035,041110,59,4,4
4036,031340,59,5,4
4037,031340,59,6,4
4038,060210,59,1,5
4039,050210,59,2,5
4040,050930,59,3,5
4041,051010,59,4,5
4042,040310,59,5,5
4043,041340,59,6,5
4044,070210,59,1,6
4045,060310,59,2,6
4046,060930,59,3,6
4047,051010,59,4,6
4048,061340,59,5,6
4049,061340,59,6,6
4050,080210,59,1,7
4051,070310,59,2,7
4052,070940,59,3,7
4053,061330,59,4,7
4054,060110,59,5,7
4055,061340,59,6,7
4056,090210,59,1,8
4057,080310,59,2,8
4058,080940,59,3,8
4059,070110,59,4,8
4060,071330,59,5,8
4061,061330,59,6,8
4062,100210,59,1,9
4063,090110,59,2,9
4064,091010,59,3,9
4065,080110,59,4,9
4066,091320,59,5,9
4067,071330,59,6,9
4068,010210,59,1,10
4069,100310,59,2,10
4070,100910,59,3,10
4071,090110,59,4,10
4072,101310,59,5,10
4073,091320,59,6,10
4074,120210,59,1,11
4075,110310,59,2,11
4076,110930,59,3,11
4077,100110,59,4,11
4078,111310,59,5,11
4079,101330,59,6,11
4080,120310,59,2,12
4081,110110,59,4,12
4082,121320,59,5,12
4083,111310,59,6,12
4084,010310,60,1,1
4085,011010,60,2,1
4086,010920,60,3,1
4087,011010,60,4,1
4088,011320,60,5,1
4089,011320,60,6,1
4090,030120,60,1,2
4091,021220,60,2,2
4092,020940,60,3,2
4093,021120,60,4,2
4094,011320,60,5,2
4095,011320,60,6,2
4096,040310,60,1,3
4097,020510,60,2,3
4098,030940,60,3,3
4099,020510,60,4,3
4100,021330,60,5,3
4101,021330,60,6,3
4102,050110,60,1,4
4103,041110,60,2,4
4104,040920,60,3,4
4105,041110,60,4,4
4106,031330,60,5,4
4107,031330,60,6,4
4108,060310,60,1,5
4109,051010,60,2,5
4110,050930,60,3,5
4111,051010,60,4,5
4112,041330,60,5,5
4113,041330,60,6,5
4114,070310,60,1,6
4115,060310,60,2,6
4116,060930,60,3,6
4117,051010,60,4,6
4118,051320,60,5,6
4119,051320,60,6,6
4120,080310,60,1,7
4121,071010,60,2,7
4122,070940,60,3,7
4123,061320,60,4,7
4124,061320,60,5,7
4125,051320,60,6,7
4126,090310,60,1,8
4127,080310,60,2,8
4128,081110,60,3,8
4129,071010,60,4,8
4130,071310,60,5,8
4131,061320,60,6,8
4132,100310,60,1,9
4133,090310,60,2,9
4134,091010,60,3,9
4135,080940,60,4,9
4136,091330,60,5,9
4137,071310,60,6,9
4138,110310,60,1,10
4139,100310,60,2,10
4140,100910,60,3,10
4141,091010,60,4,10
4142,101320,60,5,10
4143,091330,60,6,10
4144,120310,60,1,11
4145,110310,60,2,11
4146,110920,60,3,11
4147,100910,60,4,11
4148,111330,60,5,11
4149,101320,60,6,11
4150,120310,60,2,12
4151,110910,60,4,12
4152,121330,60,5,12
4153,111330,60,6,12
4154,010810,61,1,1
4155,010810,61,2,1
4156,010910,61,3,1
4157,011210,61,4,1
4158,011310,61,5,1
4159,011310,61,6,1
4160,030820,61,1,2
4161,020820,61,2,2
4162,020910,61,3,2
4163,021110,61,4,2
4164,011310,61,5,2
4165,011310,61,6,2
4166,040820,61,1,3
4167,030820,61,2,3
4168,030910,61,3,3
4169,031210,61,4,3
4170,021320,61,5,3
4171,021320,61,6,3
4172,050710,61,1,4
4173,040820,61,2,4
4174,041210,61,3,4
4175,041310,61,4,4
4176,031320,61,5,4
4177,031320,61,6,4
4178,050810,61,1,5
4179,050710,61,2,5
4180,050910,61,3,5
4181,051210,61,4,5
4182,041310,61,5,5
4183,041310,61,6,5
4184,070820,61,1,6
4185,050810,61,2,6
4186,060910,61,3,6
4187,051210,61,4,6
4188,050910,61,5,6
4189,051310,61,6,6
4190,080820,61,1,7
4191,071220,61,2,7
4192,070910,61,3,7
4193,061310,61,4,7
4194,061320,61,5,7
4195,051310,61,6,7
4196,090810,61,1,8
4197,080820,61,2,8
4198,080920,61,3,8
4199,071110,61,4,8
4200,071310,61,5,8
4201,061320,61,6,8
4202,100820,61,1,9
4203,090810,61,2,9
4204,091210,61,3,9
4205,081210,61,4,9
4206,091310,61,5,9
4207,071310,61,6,9
4208,110810,61,1,10
4209,100820,61,2,10
4210,100920,61,3,10
4211,091110,61,4,10
4212,101340,61,5,10
4213,091330,61,6,10
4214,120810,61,1,11
4215,110810,61,2,11
4216,110940,61,3,11
4217,101120,61,4,11
4218,111320,61,5,11
4219,101320,61,6,11
4220,120810,61,2,12
4221,111210,61,4,12
4222,121310,61,5,12
4223,111330,61,6,12
4224,010710,62,1,1
4225,010710,62,2,1
4226,010920,62,3,1
4227,011010,62,4,1
4228,011330,62,5,1
4229,011330,62,6,1
4230,030210,62,1,2
4231,020710,62,2,2
4232,020920,62,3,2
4233,020710,62,4,2
4234,011330,62,5,2
4235,011330,62,6,2
4236,040710,62,1,3
4237,030210,62,2,3
4238,030920,62,3,3
4239,020510,62,4,3
4240,021340,62,5,3
4241,021340,62,6,3
4242,050210,62,1,4
4243,040710,62,2,4
4244,040910,62,3,4
4245,040710,62,4,4
4246,031340,62,5,4
4247,031340,62,6,4
4248,060210,62,1,5
4249,050720,62,2,5
4250,050920,62,3,5
4251,050210,62,4,5
4252,041340,62,5,5
4253,041340,62,6,5
4254,070210,62,1,6
4255,060210,62,2,6
4256,060920,62,3,6
4257,051010,62,4,6
4258,061340,62,5,6
4259,061340,62,6,6
4260,080210,62,1,7
4261,070210,62,2,7
4262,070920,62,3,7
4263,061330,62,4,7
4264,061320,62,5,7
4265,061340,62,6,7
4266,090210,62,1,8
4267,080210,62,2,8
4268,080910,62,3,8
4269,071010,62,4,8
4270,071330,62,5,8
4271,061330,62,6,8
4272,100210,62,1,9
4273,090210,62,2,9
4274,090920,62,3,9
4275,081110,62,4,9
4276,091320,62,5,9
4277,071330,62,6,9
4278,010210,62,1,10
4279,100210,62,2,10
4280,100930,62,3,10
4281,091010,62,4,10
4282,101330,62,5,10
4283,091320,62,6,10
4284,120210,62,1,11
4285,010210,62,2,11
4286,110930,62,3,11
4287,101110,62,4,11
4288,111310,62,5,11
4289,101310,62,6,11
4290,120210,62,2,12
4291,111010,62,4,12
4292,121320,62,5,12
4293,111310,62,6,12
4294,010410,63,1,1
4295,010410,63,2,1
4296,010920,63,3,1
4297,011110,63,4,1
4298,010310,63,5,1
4299,011330,63,6,1
4300,030410,63,1,2
4301,020310,63,2,2
4302,020920,63,3,2
4303,021120,63,4,2
4304,010410,63,5,2
4305,011330,63,6,2
4306,040310,63,1,3
4307,030410,63,2,3
4308,030920,63,3,3
4309,031110,63,4,3
4310,020310,63,5,3
4311,021340,63,6,3
4312,050410,63,1,4
4313,040310,63,2,4
4314,040910,63,3,4
4315,041110,63,4,4
4316,030410,63,5,4
4317,031340,63,6,4
4318,060310,63,1,5
4319,050410,63,2,5
4320,050920,63,3,5
4321,051120,63,4,5
4322,040310,63,5,5
4323,041340,63,6,5
4324,070410,63,1,6
4325,060310,63,2,6
4326,060920,63,3,6
4327,051120,63,4,6
4328,061340,63,5,6
4329,061340,63,6,6
4330,080410,63,1,7
4331,070410,63,2,7
4332,070920,63,3,7
4333,061320,63,4,7
4334,060310,63,5,7
4335,061340,63,6,7
4336,090410,63,1,8
4337,080410,63,2,8
4338,080910,63,3,8
4339,071120,63,4,8
4340,071330,63,5,8
4341,061330,63,6,8
4342,100410,63,1,9
4343,090410,63,2,9
4344,090920,63,3,9
4345,080410,63,4,9
4346,091320,63,5,9
4347,071330,63,6,9
4348,110410,63,1,10
4349,100410,63,2,10
4350,101110,63,3,10
4351,090920,63,4,10
4352,101330,63,5,10
4353,091320,63,6,10
4354,120410,63,1,11
4355,110410,63,2,11
4356,110930,63,3,11
4357,101110,63,4,11
4358,111310,63,5,11
4359,101310,63,6,11
4360,120410,63,2,12
4361,110930,63,4,12
4362,121320,63,5,12
4363,111310,63,6,12
4364,010110,64,1,1
4365,010110,64,2,1
4366,010920,64,3,1
4367,011110,64,4,1
4368,011320,64,5,1
4369,011320,64,6,1
4370,030210,64,1,2
4371,020310,64,2,2
4372,020920,64,3,2
4373,021120,64,4,2
4374,011320,64,5,2
4375,011320,64,6,2
4376,040310,64,1,3
4377,030210,64,2,3
4378,030920,64,3,3
4379,031110,64,4,3
4380,021330,64,5,3
4381,021330,64,6,3
4382,050210,64,1,4
4383,040310,64,2,4
4384,040910,64,3,4
4385,041110,64,4,4
4386,031330,64,5,4
4387,031330,64,6,4
4388,060210,64,1,5
4389,050210,64,2,5
4390,050920,64,3,5
4391,051120,64,4,5
4392,041330,64,5,5
4393,041330,64,6,5
4394,070210,64,1,6
4395,060210,64,2,6
4396,060920,64,3,6
4397,051120,64,4,6
4398,051320,64,5,6
4399,051320,64,6,6
4400,080210,64,1,7
4401,070210,64,2,7
4402,070920,64,3,7
4403,061320,64,4,7
4404,061320,64,5,7
4405,051320,64,6,7
4406,090210,64,1,8
4407,080210,64,2,8
4408,080910,64,3,8
4409,071120,64,4,8
4410,071310,64,5,8
4411,061320,64,6,8
4412,100210,64,1,9
4413,090210,64,2,9
4414,090920,64,3,9
4415,081110,64,4,9
4416,091330,64,5,9
4417,071310,64,6,9
4418,010210,64,1,10
4419,100210,64,2,10
4420,100930,64,3,10
4421,091010,64,4,10
4422,101320,64,5,10
4423,091330,64,6,10
4424,120210,64,1,11
4425,010210,64,2,11
4426,110930,64,3,11
4427,101110,64,4,11
4428,111330,64,5,11
4429,101320,64,6,11
4430,120210,64,2,12
4431,111010,64,4,12
4432,121330,64,5,12
4433,111330,64,6,12
4434,010110,65,1,1
4435,010110,65,2,1
4436,010920,65,3,1
4437,011010,65,4,1
4438,010110,65,5,1
4439,011330,65,6,1
4440,030120,65,1,2
4441,020110,65,2,2
4442,020940,65,3,2
4443,020310,65,4,2
4444,011330,65,5,2
4445,011330,65,6,2
4446,040110,65,1,3
4447,030120,65,2,3
4448,030940,65,3,3
4449,020510,65,4,3
4450,020110,65,5,3
4451,021340,65,6,3
4452,050110,65,1,4
4453,040110,65,2,4
4454,040930,65,3,4
4455,041110,65,4,4
4456,031340,65,5,4
4457,031340,65,6,4
4458,060110,65,1,5
4459,050110,65,2,5
4460,050930,65,3,5
4461,051010,65,4,5
4462,040310,65,5,5
4463,041340,65,6,5
4464,070110,65,1,6
4465,060110,65,2,6
4466,060930,65,3,6
4467,051010,65,4,6
4468,061340,65,5,6
4469,061340,65,6,6
4470,080110,65,1,7
4471,070110,65,2,7
4472,070940,65,3,7
4473,060110,65,4,7
4474,061330,65,5,7
4475,061340,65,6,7
4476,090110,65,1,8
4477,080110,65,2,8
4478,080940,65,3,8
4479,070110,65,4,8
4480,071330,65,5,8
4481,061330,65,6,8
4482,100110,65,1,9
4483,090110,65,2,9
4484,091010,65,3,9
4485,080110,65,4,9
4486,091320,65,5,9
4487,071330,65,6,9
4488,110110,65,1,10
4489,100110,65,2,10
4490,100910,65,3,10
4491,090110,65,4,10
4492,101330,65,5,10
4493,091320,65,6,10
4494,120110,65,1,11
4495,110110,65,2,11
4496,110910,65,3,11
4497,100110,65,4,11
4498,111310,65,5,11
4499,101330,65,6,11
4500,120110,65,2,12
4501,110110,65,4,12
4502,121320,65,5,12
4503,111310,65,6,12
4504,010810,66,1,1
4505,010810,66,2,1
4506,010910,66,3,1
4507,011210,66,4,1
4508,011310,66,5,1
4509,011310,66,6,1
4510,030820,66,1,2
4511,020820,66,2,2
4512,020910,66,3,2
4513,021110,66,4,2
4514,011310,66,5,2
4515,011310,66,6,2
4516,040820,66,1,3
4517,030820,66,2,3
4518,030910,66,3,3
4519,031210,66,4,3
4520,021320,66,5,3
4521,021320,66,6,3
4522,050710,66,1,4
4523,040820,66,2,4
4524,041210,66,3,4
4525,041210,66,4,4
4526,031320,66,5,4
4527,031320,66,6,4
4528,050810,66,1,5
4529,050710,66,2,5
4530,050910,66,3,5
4531,051210,66,4,5
4532,041310,66,5,5
4533,041310,66,6,5
4534,070820,66,1,6
4535,050810,66,2,6
4536,060910,66,3,6
4537,051210,66,4,6
4538,050910,66,5,6
4539,051310,66,6,6
4540,080820,66,1,7
4541,070820,66,2,7
4542,070910,66,3,7
4543,061310,66,4,7
4544,061310,66,5,7
4545,051310,66,6,7
4546,090810,66,1,8
4547,080820,66,2,8
4548,081210,66,3,8
4549,071110,66,4,8
4550,071320,66,5,8
4551,061320,66,6,8
4552,100820,66,1,9
4553,090810,66,2,9
4554,091110,66,3,9
4555,081210,66,4,9
4556,091310,66,5,9
4557,071310,66,6,9
4558,110810,66,1,10
4559,100820,66,2,10
4560,101120,66,3,10
4561,091210,66,4,10
4562,101340,66,5,10
4563,091310,66,6,10
4564,120810,66,1,11
4565,110810,66,2,11
4566,111210,66,3,11
4567,101120,66,4,11
4568,111320,66,5,11
4569,101340,66,6,11
4570,120810,66,2,12
4571,111210,66,4,12
4572,121310,66,5,12
4573,111320,66,6,12
4574,010810,67,1,1
4575,010810,67,2,1
4576,010910,67,3,1
4577,011210,67,4,1
4578,011310,67,5,1
4579,011310,67,6,1
4580,030810,67,1,2
4581,020810,67,2,2
4582,020910,67,3,2
4583,021110,67,4,2
4584,011310,67,5,2
4585,011310,67,6,2
4586,040810,67,1,3
4587,030810,67,2,3
4588,030910,67,3,3
4589,031210,67,4,3
4590,021310,67,5,3
4591,021320,67,6,3
4592,050710,67,1,4
4593,040810,67,2,4
4594,041210,67,3,4
4595,041210,67,4,4
4596,031310,67,5,4
4597,031320,67,6,4
4598,050810,67,1,5
4599,050710,67,2,5
4600,050910,67,3,5
4601,051110,67,4,5
4602,041320,67,5,5
4603,041310,67,6,5
4604,070810,67,1,6
4605,050810,67,2,6
4606,060910,67,3,6
4607,051210,67,4,6
4608,051310,67,5,6
4609,051310,67,6,6
4610,080810,67,1,7
4611,071220,67,2,7
4612,070910,67,3,7
4613,061310,67,4,7
4614,061320,67,5,7
4615,051310,67,6,7
4616,090820,67,1,8
4617,080810,67,2,8
4618,080920,67,3,8
4619,071110,67,4,8
4620,071310,67,5,8
4621,061310,67,6,8
4622,100810,67,1,9
4623,090820,67,2,9
4624,091210,67,3,9
4625,080920,67,4,9
4626,091330,67,5,9
4627,071320,67,6,9
4628,110820,67,1,10
4629,100810,67,2,10
4630,100920,67,3,10
4631,091110,67,4,10
4632,101340,67,5,10
4633,091310,67,6,10
4634,120820,67,1,11
4635,110820,67,2,11
4636,110940,67,3,11
4637,101120,67,4,11
4638,111320,67,5,11
4639,101340,67,6,11
4640,120820,67,2,12
4641,111210,67,4,12
4642,121330,67,5,12
4643,111320,67,6,12
4644,010610,68,1,1
4645,011110,68,2,1
4646,010920,68,3,1
4647,010710,68,4,1
4648,011330,68,5,1
4649,011320,68,6,1
4650,030610,68,1,2
4651,021120,68,2,2
4652,020930,68,3,2
4653,020710,68,4,2
4654,011110,68,5,2
4655,011320,68,6,2
4656,040610,68,1,3
4657,020510,68,2,3
4658,030940,68,3,3
4659,030710,68,4,3
4660,020710,68,5,3
4661,021340,68,6,3
4662,050610,68,1,4
4663,041330,68,2,4
4664,040920,68,3,4
4665,040710,68,4,4
4666,020510,68,5,4
4667,020510,68,6,4
4668,060710,68,1,5
4669,051120,68,2,5
4670,050930,68,3,5
4671,050720,68,4,5
4672,041330,68,5,5
4673,041340,68,6,5
4674,070610,68,1,6
4675,061320,68,2,6
4676,060930,68,3,6
4677,050720,68,4,6
4678,051320,68,5,6
4679,050930,68,6,6
4680,080610,68,1,7
4681,071010,68,2,7
4682,070930,68,3,7
4683,060710,68,4,7
4684,061320,68,5,7
4685,051320,68,6,7
4686,090610,68,1,8
4687,080610,68,2,8
4688,080940,68,3,8
4689,071210,68,4,8
4690,071310,68,5,8
4691,061320,68,6,8
4692,100610,68,1,9
4693,090610,68,2,9
4694,090910,68,3,9
4695,081110,68,4,9
4696,091330,68,5,9
4697,071310,68,6,9
4698,110610,68,1,10
4699,100610,68,2,10
4700,101110,68,3,10
4701,090910,68,4,10
4702,101320,68,5,10
4703,091330,68,6,10
4704,120610,68,1,11
4705,110610,68,2,11
4706,110910,68,3,11
4707,101110,68,4,11
4708,111330,68,5,11
4709,101320,68,6,11
4710,120610,68,2,12
4711,111010,68,4,12
4712,121330,68,5,12
4713,111330,68,6,12
4714,010710,69,1,1
4715,010610,69,2,1
4716,010920,69,3,1
4717,010710,69,4,1
4718,011330,69,5,1
4719,011320,69,6,1
4720,030710,69,1,2
4721,020610,69,2,2
4722,020930,69,3,2
4723,020710,69,4,2
4724,011330,69,5,2
4725,011330,69,6,2
4726,040710,69,1,3
4727,030610,69,2,3
4728,030940,69,3,3
4729,030710,69,4,3
4730,020710,69,5,3
4731,021340,69,6,3
4732,050720,69,1,4
4733,040610,69,2,4
4734,040920,69,3,4
4735,040710,69,4,4
4736,031340,69,5,4
4737,031340,69,6,4
4738,060710,69,1,5
4739,050610,69,2,5
4740,050930,69,3,5
4741,050720,69,4,5
4742,040710,69,5,5
4743,041340,69,6,5
4744,070710,69,1,6
4745,061330,69,2,6
4746,060930,69,3,6
4747,050720,69,4,6
4748,061340,69,5,6
4749,061340,69,6,6
4750,080710,69,1,7
4751,070610,69,2,7
4752,070930,69,3,7
4753,060710,69,4,7
4754,060710,69,5,7
4755,051320,69,6,7
4756,090710,69,1,8
4757,080610,69,2,8
4758,080940,69,3,8
4759,070710,69,4,8
4760,071330,69,5,8
4761,061330,69,6,8
4762,100710,69,1,9
4763,090610,69,2,9
4764,091010,69,3,9
4765,080710,69,4,9
4766,091320,69,5,9
4767,071330,69,6,9
4768,110710,69,1,10
4769,100610,69,2,10
4770,101110,69,3,10
4771,090710,69,4,10
4772,101320,69,5,10
4773,091320,69,6,10
4774,120710,69,1,11
4775,110610,69,2,11
4776,111010,69,3,11
4777,100710,69,4,11
4778,111310,69,5,11
4779,101310,69,6,11
4780,120610,69,2,12
4781,110710,69,4,12
4782,121320,69,5,12
4783,111310,69,6,12
4784,010410,70,1,1
4785,010310,70,2,1
4786,010920,70,3,1
4787,011110,70,4,1
4788,010310,70,5,1
4789,011330,70,6,1
4790,030410,70,1,2
4791,020310,70,2,2
4792,020920,70,3,2
4793,021120,70,4,2
4794,011330,70,5,2
4795,011330,70,6,2
4796,040310,70,1,3
4797,030410,70,2,3
4798,030920,70,3,3
4799,031110,70,4,3
4800,021340,70,5,3
4801,021340,70,6,3
4802,050410,70,1,4
4803,040310,70,2,4
4804,040910,70,3,4
4805,041110,70,4,4
4806,031340,70,5,4
4807,031340,70,6,4
4808,060310,70,1,5
4809,050410,70,2,5
4810,050920,70,3,5
4811,051120,70,4,5
4812,041340,70,5,5
4813,041340,70,6,5
4814,070410,70,1,6
4815,060310,70,2,6
4816,060920,70,3,6
4817,051120,70,4,6
4818,050920,70,5,6
4819,051320,70,6,6
4820,080410,70,1,7
4821,070410,70,2,7
4822,070920,70,3,7
4823,061330,70,4,7
4824,060310,70,5,7
4825,061340,70,6,7
4826,090410,70,1,8
4827,080410,70,2,8
4828,080910,70,3,8
4829,070410,70,4,8
4830,071330,70,5,8
4831,061330,70,6,8
4832,100410,70,1,9
4833,090410,70,2,9
4834,090920,70,3,9
4835,080410,70,4,9
4836,091320,70,5,9
4837,071330,70,6,9
4838,110410,70,1,10
4839,100410,70,2,10
4840,100930,70,3,10
4841,090410,70,4,10
4842,101310,70,5,10
4843,091320,70,6,10
4844,120410,70,1,11
4845,110410,70,2,11
4846,110930,70,3,11
4847,100410,70,4,11
4848,111310,70,5,11
4849,101330,70,6,11
4850,120410,70,2,12
4851,110410,70,4,12
4852,121320,70,5,12
4853,111310,70,6,12
4854,010110,71,1,1
4855,010110,71,2,1
4856,010920,71,3,1
4857,011110,71,4,1
4858,011320,71,5,1
4859,011320,71,6,1
4860,030120,71,1,2
4861,020310,71,2,2
4862,020910,71,3,2
4863,021120,71,4,2
4864,011320,71,5,2
4865,011320,71,6,2
4866,040310,71,1,3
4867,030120,71,2,3
4868,030910,71,3,3
4869,031110,71,4,3
4870,021330,71,5,3
4871,021330,71,6,3
4872,050110,71,1,4
4873,040310,71,2,4
4874,040930,71,3,4
4875,041110,71,4,4
4876,031330,71,5,4
4877,031330,71,6,4
4878,060110,71,1,5
4879,050110,71,2,5
4880,050910,71,3,5
4881,051120,71,4,5
4882,041330,71,5,5
4883,041330,71,6,5
4884,070110,71,1,6
4885,060110,71,2,6
4886,060910,71,3,6
4887,051120,71,4,6
4888,051320,71,5,6
4889,051320,71,6,6
4890,080110,71,1,7
4891,070110,71,2,7
4892,070910,71,3,7
4893,061320,71,4,7
4894,061320,71,5,7
4895,051320,71,6,7
4896,090110,71,1,8
4897,080110,71,2,8
4898,080920,71,3,8
4899,071120,71,4,8
4900,071310,71,5,8
4901,061320,71,6,8
4902,100110,71,1,9
4903,090110,71,2,9
4904,090930,71,3,9
4905,081110,71,4,9
4906,091330,71,5,9
4907,071310,71,6,9
4908,110110,71,1,10
4909,100110,71,2,10
4910,100920,71,3,10
4911,091010,71,4,10
4912,101320,71,5,10
4913,091330,71,6,10
4914,120110,71,1,11
4915,110110,71,2,11
4916,110940,71,3,11
4917,101110,71,4,11
4918,111330,71,5,11
4919,101320,71,6,11
4920,120110,71,2,12
4921,111010,71,4,12
4922,121330,71,5,12
4923,111330,71,6,12
4924,010810,72,1,1
4925,010810,72,2,1
4926,010910,72,3,1
4927,011210,72,4,1
4928,011310,72,5,1
4929,011320,72,6,1
4930,030810,72,1,2
4931,020810,72,2,2
4932,020910,72,3,2
4933,021110,72,4,2
4934,011310,72,5,2
4935,011310,72,6,2
4936,040810,72,1,3
4937,030810,72,2,3
4938,030910,72,3,3
4939,031210,72,4,3
4940,021310,72,5,3
4941,021330,72,6,3
4942,050710,72,1,4
4943,040810,72,2,4
4944,041210,72,3,4
4945,041210,72,4,4
4946,031320,72,5,4
4947,031310,72,6,4
4948,050810,72,1,5
4949,050710,72,2,5
4950,050910,72,3,5
4951,051110,72,4,5
4952,041320,72,5,5
4953,041330,72,6,5
4954,070810,72,1,6
4955,050810,72,2,6
4956,060910,72,3,6
4957,051210,72,4,6
4958,051310,72,5,6
4959,051310,72,6,6
4960,080810,72,1,7
4961,070810,72,2,7
4962,070910,72,3,7
4963,061310,72,4,7
4964,061310,72,5,7
4965,051110,72,6,7
4966,090820,72,1,8
4967,080810,72,2,8
4968,080920,72,3,8
4969,071110,72,4,8
4970,071320,72,5,8
4971,061310,72,6,8
4972,100810,72,1,9
4973,090820,72,2,9
4974,091210,72,3,9
4975,081210,72,4,9
4976,091310,72,5,9
4977,071320,72,6,9
4978,110820,72,1,10
4979,100810,72,2,10
4980,100920,72,3,10
4981,091210,72,4,10
4982,101340,72,5,10
4983,091310,72,6,10
4984,120820,72,1,11
4985,110820,72,2,11
4986,110940,72,3,11
4987,100920,72,4,11
4988,111330,72,5,11
4989,101340,72,6,11
4990,120820,72,2,12
4991,111210,72,4,12
4992,121310,72,5,12
4993,111320,72,6,12
4994,010110,73,1,1
4995,010110,73,2,1
4996,010920,73,3,1
4997,011010,73,4,1
4998,010310,73,5,1
4999,011320,73,6,1
5000,030110,73,1,2
5001,020110,73,2,2
5002,020930,73,3,2
5003,021210,73,4,2
5004,010310,73,5,2
5005,011330,73,6,2
5006,040110,73,1,3
5007,030110,73,2,3
5008,030940,73,3,3
5009,020510,73,4,3
5010,020310,73,5,3
5011,021340,73,6,3
5012,050110,73,1,4
5013,040110,73,2,4
5014,040920,73,3,4
5015,041330,73,4,4
5016,031330,73,5,4
5017,031340,73,6,4
5018,060110,73,1,5
5019,050110,73,2,5
5020,050930,73,3,5
5021,051010,73,4,5
5022,040310,73,5,5
5023,041340,73,6,5
5024,070110,73,1,6
5025,060110,73,2,6
5026,060930,73,3,6
5027,051010,73,4,6
5028,061340,73,5,6
5029,061340,73,6,6
5030,080110,73,1,7
5031,070110,73,2,7
5032,070930,73,3,7
5033,061330,73,4,7
5034,060310,73,5,7
5035,051320,73,6,7
5036,090110,73,1,8
5037,080110,73,2,8
5038,080930,73,3,8
5039,071010,73,4,8
5040,071330,73,5,8
5041,061330,73,6,8
5042,100110,73,1,9
5043,090110,73,2,9
5044,091010,73,3,9
5045,081110,73,4,9
5046,091320,73,5,9
5047,071330,73,6,9
5048,110110,73,1,10
5049,100110,73,2,10
5050,100910,73,3,10
5051,091010,73,4,10
5052,101310,73,5,10
5053,091320,73,6,10
5054,120110,73,1,11
5055,110110,73,2,11
5056,110910,73,3,11
5057,100910,73,4,11
5058,111310,73,5,11
5059,101330,73,6,11
5060,120110,73,2,12
5061,110910,73,4,12
5062,121320,73,5,12
5063,111310,73,6,12
5064,010710,74,1,1
5065,010710,74,2,1
5066,011010,74,3,1
5067,010710,74,4,1
5068,011330,74,5,1
5069,011330,74,6,1
5070,030710,74,1,2
5071,020710,74,2,2
5072,020940,74,3,2
5073,020710,74,4,2
5074,011330,74,5,2
5075,011330,74,6,2
5076,040710,74,1,3
5077,030710,74,2,3
5078,030940,74,3,3
5079,030710,74,4,3
5080,021340,74,5,3
5081,021340,74,6,3
5082,050720,74,1,4
5083,040710,74,2,4
5084,040930,74,3,4
5085,040710,74,4,4
5086,031340,74,5,4
5087,031340,74,6,4
5088,060710,74,1,5
5089,050720,74,2,5
5090,050910,74,3,5
5091,050720,74,4,5
5092,041340,74,5,5
5093,041340,74,6,5
5094,070710,74,1,6
5095,060710,74,2,6
5096,060930,74,3,6
5097,050720,74,4,6
5098,061340,74,5,6
5099,061340,74,6,6
5100,080710,74,1,7
5101,070710,74,2,7
5102,070940,74,3,7
5103,060710,74,4,7
5104,061330,74,5,7
5105,061340,74,6,7
5106,090710,74,1,8
5107,080710,74,2,8
5108,080940,74,3,8
5109,070710,74,4,8
5110,071330,74,5,8
5111,061330,74,6,8
5112,100710,74,1,9
5113,090710,74,2,9
5114,090930,74,3,9
5115,080710,74,4,9
5116,091320,74,5,9
5117,071330,74,6,9
5118,110710,74,1,10
5119,100710,74,2,10
5120,100910,74,3,10
5121,090710,74,4,10
5122,101310,74,5,10
5123,091320,74,6,10
5124,120710,74,1,11
5125,110710,74,2,11
5126,110910,74,3,11
5127,100710,74,4,11
5128,111310,74,5,11
5129,101330,74,6,11
5130,120710,74,2,12
5131,110710,74,4,12
5132,121320,74,5,12
5133,111310,74,6,12