id,name,rank,hp,atk,def,matk,mdef,tpgain,healgain,tpreduce,autohp,autotp,cri,mcri,hit,eva,drain,category,is_material
010110,アイアンブレード,1,15,0,0,0,0,0,0,0,0,0,0,0,0,0,0,1,0
010310,キラーペンシル,1,0,0,0,0,0,0,0,0,25,0,0,0,0,0,0,3,0
010410,ウッドグリップ,1,0,0,0,0,0,0,0,0,0,5,0,0,0,0,0,4,0
010510,狩人の弓,1,0,0,0,0,1,0,0,0,0,0,0,0,0,0,0,5,0
010610,鋼の槍,1,0,0,1,0,0,0,0,0,0,0,0,0,0,0,0,6,0
010710,片手斧,1,0,0,0,0,0,0,0,0,0,0,0,0,0,0,0,7,0
010810,香木の杖,1,0,0,0,0,0,0,0,0,0,0,0,0,0,0,0,8,0
010910,旅立ちのローブ,1,55,0,0,0,0,0,0,0,0,0,0,0,0,0,0,9,0
010920,革のサロペット,1,50,0,0,0,0,0,0,0,0,0,0,0,0,0,0,9,0
011010,木の盾,1,15,0,0,1,0,0,0,0,0,0,0,0,0,0,0,10,0
011110,革のブーツ,1,0,0,0,0,0,0,0,0,0,0,0,0,0,1,0,11,0
011210,おしゃれなベレー,1,0,0,0,0,1,0,0,0,0,0,0,0,0,0,0,12,0
011310,気合のブレスレット,1,0,0,0,0,1,0,0,0,25,0,0,0,0,0,0,13,0
011320,御守りペンダント,1,0,0,0,0,0,0,0,0,50,0,0,0,0,0,0,13,0
011330,やる気のブレスレット,1,0,0,1,0,0,0,0,0,25,0,0,0,0,0,0,13,0
020110,ギアブレード,2,30,0,0,0,0,0,0,0,0,0,0,0,0,0,0,1,0
020310,コマンドナイフ,2,0,0,0,0,0,0,0,0,0,5,0,0,0,0,0,3,0
020510,タワーシールド,2,135,0,0,3,0,0,0,0,0,0,0,0,0,0,0,5,0
020511,タワーシールドの設計図,2,0,0,0,0,0,0,0,0,0,0,0,0,0,0,0,5,1
020610,トライデント,2,0,0,1,0,0,0,0,0,0,0,0,0,0,0,0,6,0
020710,メタルアックス,2,0,0,0,0,0,0,0,0,0,0,0,0,0,0,0,7,0
020810,医者いらずの杖,2,0,0,0,0,1,0,0,0,0,0,0,0,0,0,0,8,0
020820,グリーンロッド,2,0,0,0,0,0,0,0,9,0,0,0,0,0,0,0,8,0
020910,春色ローブ,2,65,0,0,0,1,0,0,0,0,0,0,0,0,0,0,9,0
020911,春色ローブの設計図,2,0,0,0,0,0,0,0,0,0,0,0,0,0,0,0,9,1
020920,フォークロアクロース,2,90,0,0,0,0,0,0,0,0,0,0,0,0,0,0,9,0
020921,フォークロアクロースの設計図,2,0,0,0,0,0,0,0,0,0,0,0,0,0,0,0,9,1
020930,スケイルメイル,2,95,0,0,0,0,0,0,0,0,0,0,0,0,0,0,9,0
020931,スケイルメイルの設計図,2,0,0,0,0,0,0,0,0,0,0,0,0,0,0,0,9,1
020940,智慧の衣,2,90,0,0,0,0,0,0,0,0,0,0,0,0,0,0,9,0
021110,ウィッチブーツ,2,30,0,0,0,1,0,0,0,0,0,0,0,0,0,0,11,0
021120,クラウンブーツ,2,30,0,1,0,0,0,0,0,0,0,0,0,0,1,0,11,0
021121,クラウンブーツの設計図,2,0,0,0,0,0,0,0,0,0,0,0,0,0,0,0,11,1
021210,レギオンヘルム,2,90,0,0,0,1,0,0,0,0,0,0,0,0,0,0,12,0
021211,レギオンヘルムの設計図,2,0,0,0,0,0,0,0,0,0,0,0,0,0,0,0,12,1
021220,かわいいキャスケット,2,90,0,1,0,0,0,0,0,0,0,0,0,0,0,0,12,0
021221,かわいいキャスケットの設計図,2,0,0,0,0,0,0,0,0,0,0,0,0,0,0,0,12,1
021310,智慧の宝珠,2,0,0,0,0,0,0,0,0,25,5,0,0,0,0,0,13,0
021320,マジックグラス,2,0,0,0,0,1,0,0,0,0,0,0,0,0,0,0,13,0
021330,仁愛の宝珠,2,55,0,0,0,1,0,0,0,25,0,0,0,0,0,0,13,0
021340,勇気の宝珠,2,0,0,0,0,0,0,0,0,30,5,0,0,0,0,0,13,0
030110,オーロラの剣,3,0,0,1,0,1,0,0,0,0,0,0,0,0,0,0,1,0
030120,ブルーブラッド,3,60,0,0,0,0,0,0,0,0,0,0,0,0,0,0,1,0
030210,クレセントソード,3,35,0,0,0,0,0,0,0,0,0,0,0,0,0,0,2,0
030410,レザーナックル,3,0,0,0,0,0,0,0,0,0,10,0,0,0,0,0,4,0
030510,クリスタルボウ,3,0,0,0,0,1,0,0,0,0,0,0,0,0,0,0,5,0
030610,フレイムスピア,3,0,0,3,0,0,0,0,0,0,0,0,0,0,0,0,6,0
030710,ハイメタルアックス,3,0,0,0,0,0,0,0,0,0,0,0,0,0,0,0,7,0
030810,ユニコーンの慈愛,3,0,0,0,0,1,0,0,0,0,0,0,0,0,0,0,8,0
030820,リトルドラゴンロッド,3,0,0,0,0,0,0,0,9,0,0,0,0,0,0,0,8,0
030910,ノルディックローブ,3,120,0,1,0,2,0,0,0,0,0,0,0,0,0,0,9,0
030911,ノルディックローブの設計図,3,0,0,0,0,0,0,0,0,0,0,0,0,0,0,0,9,1
030920,忍び装束,3,120,0,1,0,1,0,0,0,110,0,0,0,0,0,0,9,0
030921,忍び装束の設計図,3,0,0,0,0,0,0,0,0,0,0,0,0,0,0,0,9,1
030930,ハイメタルプレート,3,180,0,0,0,1,0,0,0,0,0,0,0,0,0,0,9,0
030931,ハイメタルプレートの設計図,3,0,0,0,0,0,0,0,0,0,0,0,0,0,0,0,9,1
030940,ライトプレート,3,150,0,1,0,1,0,0,0,0,0,0,0,0,0,0,9,0
030941,ライトプレートの設計図,3,0,0,0,0,0,0,0,0,0,0,0,0,0,0,0,9,1
031110,ハンティングブーツ,3,60,0,2,0,1,0,0,0,0,0,0,0,0,2,0,11,0
031111,ハンティングブーツの設計図,3,0,0,0,0,0,0,0,0,0,0,0,0,0,0,0,11,1
031210,修道女のフード,3,0,0,1,0,3,0,10,0,0,0,0,0,0,0,0,12,0
031211,修道女のフードの設計図,3,0,0,0,0,0,0,0,0,0,0,0,0,0,0,0,12,1
031310,文様の腕輪,3,0,0,0,0,1,0,0,0,0,10,0,0,0,0,0,13,0
031311,文様の腕輪の設計図,3,0,0,0,0,0,0,0,0,0,0,0,0,0,0,0,13,1
031320,マジックモノクル,3,0,0,0,0,2,0,0,0,0,0,0,0,0,0,0,13,0
031321,マジックモノクルの設計図,3,0,0,0,0,0,0,0,0,0,0,0,0,0,0,0,13,1
031330,勝利のミサンガ,3,120,0,0,0,2,0,0,0,0,0,0,0,0,0,0,13,0
031340,スパイクバングル,3,0,0,1,0,0,0,5,0,10,0,0,0,0,0,0,13,0
040110,煌めきの剣,4,90,0,0,0,0,0,0,0,0,0,0,0,0,0,0,1,0
040111,煌めきの剣(欠片),4,0,0,0,0,0,0,0,0,0,0,0,0,0,0,0,1,1
040310,プラチナナイフ,4,0,0,0,0,0,0,0,0,0,15,0,0,0,0,0,3,0
040311,プラチナナイフ(欠片),4,0,0,0,0,0,0,0,0,0,0,0,0,0,0,0,3,1
040610,騎士の誇り,4,0,0,3,0,0,0,0,0,0,0,0,0,0,0,0,6,0
040611,騎士の誇りの設計図,4,0,0,0,0,0,0,0,0,0,0,0,0,0,0,0,6,1
040710,ブルースフィアアックス,4,0,0,0,0,0,0,0,0,0,0,0,0,0,0,0,7,0
040711,ブルースフィアアックス(欠片),4,0,0,0,0,0,0,0,0,0,0,0,0,0,0,0,7,1
040810,天球の見守り,4,0,0,0,0,2,0,0,0,0,0,0,0,0,0,0,8,0
040811,天球の見守りの設計図,4,0,0,0,0,0,0,0,0,0,0,0,0,0,0,0,8,1
040820,ソーンブラッドロッド,4,0,0,0,0,0,0,0,0,0,0,0,0,0,0,0,8,0
040821,ソーンブラッドロッド(欠片),4,0,0,0,0,0,0,0,0,0,0,0,0,0,0,0,8,1
040910,ミルフィーユクロース,4,180,0,1,0,1,0,0,0,160,0,0,0,0,0,0,9,0
040911,ミルフィーユクロースの設計図,4,0,0,0,0,0,0,0,0,0,0,0,0,0,0,0,9,1
040920,ゴージャスアーマー,4,245,0,0,0,2,0,0,0,0,0,0,0,0,0,0,9,0
040921,ゴージャスアーマーの設計図,4,0,0,0,0,0,0,0,0,0,0,0,0,0,0,0,9,1
040930,ファッションアーマー,4,245,0,1,0,1,0,0,0,0,0,0,0,0,0,0,9,0
040931,ファッションアーマーの設計図,4,0,0,0,0,0,0,0,0,0,0,0,0,0,0,0,9,1
041110,忍び足,4,90,5,2,0,1,0,0,0,0,0,0,0,0,3,0,11,0
041111,忍び足(欠片),4,0,0,0,0,0,0,0,0,0,0,0,0,0,0,0,11,1
041210,ウィッチカチューシャ,4,90,0,0,0,4,0,0,0,0,0,0,0,0,0,0,12,0
041211,ウィッチカチューシャ(欠片),4,0,0,0,0,0,0,0,0,0,0,0,0,0,0,0,12,1
041310,ターコイズイヤリング,4,0,0,0,30,0,0,0,0,0,25,0,0,0,0,0,13,0
041311,ターコイズイヤリング(欠片),4,0,0,0,0,0,0,0,0,0,0,0,0,0,0,0,13,1
041320,パールイヤリング,4,0,0,0,10,5,0,15,0,0,0,0,0,0,0,0,13,0
041321,パールイヤリングの設計図,4,0,0,0,0,0,0,0,0,0,0,0,0,0,0,0,13,1
041330,エメラルドイヤリング,4,180,0,3,0,3,0,0,0,0,0,0,0,0,0,0,13,0
041331,エメラルドイヤリング(欠片),4,0,0,0,0,0,0,0,0,0,0,0,0,0,0,0,13,1
041340,オパールイヤリング,4,0,33,3,0,0,0,0,0,90,0,0,0,0,0,0,13,0
041341,オパールイヤリング(欠片),4,0,0,0,0,0,0,0,0,0,0,0,0,0,0,0,13,1
050110,竜紋剣,5,115,0,0,0,0,0,0,0,0,0,0,0,0,0,0,1,0
050111,竜紋剣(欠片),5,0,0,0,0,0,0,0,0,0,0,0,0,0,0,0,1,1
050210,月光刀,5,65,0,0,0,0,0,0,0,0,0,0,0,0,0,0,2,0
050211,月光刀の設計図,5,0,0,0,0,0,0,0,0,0,0,0,0,0,0,0,2,1
050410,ドラゴンズクロー,5,0,53,0,0,0,0,0,0,0,15,0,0,0,0,0,4,0
050411,ドラゴンズクロー(欠片),5,0,0,0,0,0,0,0,0,0,0,0,0,0,0,0,4,1
050510,キューピッドの弓,5,0,0,0,0,3,0,0,0,0,0,0,0,0,0,0,5,0
050511,キューピッドの弓(欠片),5,0,0,0,0,0,0,0,0,0,0,0,0,0,0,0,5,1
050610,アブソリュートスピア,5,0,0,5,0,0,0,0,0,0,0,0,0,0,0,0,6,0
050611,アブソリュートスピア(欠片),5,0,0,0,0,0,0,0,0,0,0,0,0,0,0,0,6,1
050710,花蕾の杖,5,0,0,0,0,3,0,0,0,0,0,0,0,0,0,0,7,0
050711,花蕾の杖(欠片),5,0,0,0,0,0,0,0,0,0,0,0,0,0,0,0,7,1
050720,麗花の戦斧,5,0,0,0,0,0,0,0,0,0,0,0,0,0,0,0,7,0
050721,麗花の戦斧の設計図,5,0,0,0,0,0,0,0,0,0,0,0,0,0,0,0,7,1
050810,デビルズホーン,5,0,0,0,0,0,0,0,0,0,0,0,0,0,0,0,8,0
050811,デビルズホーン(欠片),5,0,0,0,0,0,0,0,0,0,0,0,0,0,0,0,8,1
050910,キューピッドのローブ,5,235,0,2,0,4,0,0,0,0,0,0,0,0,0,0,9,0
050911,キューピッドのローブの設計図,5,0,0,0,0,0,0,0,0,0,0,0,0,0,0,0,9,1
050920,パレスクロース,5,235,0,2,0,1,0,0,0,210,0,0,0,0,0,0,9,0
050921,パレスクロース(欠片),5,0,0,0,0,0,0,0,0,0,0,0,0,0,0,0,9,1
050930,バトリングドレス,5,325,0,2,0,2,0,0,0,0,0,0,0,0,0,0,9,0
050931,バトリングドレスの設計図,5,0,0,0,0,0,0,0,0,0,0,0,0,0,0,0,9,1
051010,ガーネットシールド,5,290,0,6,0,0,0,0,0,0,0,0,0,0,0,0,10,0
051011,ガーネットシールド(欠片),5,0,0,0,0,0,0,0,0,0,0,0,0,0,0,0,10,1
051110,ウィッチパレスブーツ,5,115,0,3,0,4,0,0,0,0,0,0,0,0,0,0,11,0
051111,ウィッチパレスブーツの設計図,5,0,0,0,0,0,0,0,0,0,0,0,0,0,0,0,11,1
051120,フェンサーブーツ,5,115,0,0,0,0,0,0,0,0,0,0,0,0,4,0,11,0
051121,フェンサーブーツの設計図,5,0,0,0,0,0,0,0,0,0,0,0,0,0,0,0,11,1
051210,ウィッチハット,5,115,0,0,0,6,0,0,0,0,0,0,0,0,0,0,12,0
051211,ウィッチハット(欠片),5,0,0,0,0,0,0,0,0,0,0,0,0,0,0,0,12,1
051220,ドラゴンヘッド,5,235,0,0,0,4,0,0,0,0,0,0,0,0,0,0,12,0
051221,ドラゴンヘッドの設計図,5,0,0,0,0,0,0,0,0,0,0,0,0,0,0,0,12,1
051310,ソーサラーグラス,5,0,0,0,0,0,0,0,0,0,35,0,0,0,0,0,13,0
051320,オクタグラムペンダント,5,0,0,5,0,4,0,0,0,0,0,0,0,0,0,0,13,0
051321,オクタグラムペンダントの設計図,5,0,0,0,0,0,0,0,0,0,0,0,0,0,0,0,13,1
060110,フェザーブレード,6,135,0,0,0,0,0,0,0,0,0,0,0,0,0,0,1,0
060111,フェザーブレード(欠片),6,0,0,0,0,0,0,0,0,0,0,0,0,0,0,0,1,1
060210,雷神刀,6,75,0,0,0,0,0,0,0,0,0,0,0,0,0,0,2,0
060211,雷神刀の設計図,6,0,0,0,0,0,0,0,0,0,0,0,0,0,0,0,2,1
060310,ヴァンパイアダガー,6,0,0,0,0,0,0,0,0,0,0,0,0,0,0,3,3,0
060311,ヴァンパイアダガーの設計図,6,0,0,0,0,0,0,0,0,0,0,0,0,0,0,0,3,1
060510,デビルズボウ,6,0,0,0,0,3,0,0,0,0,0,0,0,0,0,0,5,0
060511,デビルズボウの設計図,6,0,0,0,0,0,0,0,0,0,0,0,0,0,0,0,5,1
060710,稲妻の斧,6,0,0,0,0,0,0,0,0,0,0,0,0,0,0,0,7,0
060711,稲妻の斧の設計図,6,0,0,0,0,0,0,0,0,0,0,0,0,0,0,0,7,1
060910,哲学者のローブ,6,245,0,2,0,4,0,5,0,0,0,0,0,0,0,0,9,0
060911,哲学者のローブ(欠片),6,0,0,0,0,0,0,0,0,0,0,0,0,0,0,0,9,1
060920,コスモスクロース,6,205,0,2,0,2,0,0,0,370,0,0,0,0,0,0,9,0
060921,コスモスクロースの設計図,6,0,0,0,0,0,0,0,0,0,0,0,0,0,0,0,9,1
060930,ヘビーメタルアーマー,6,380,0,2,0,2,0,0,0,0,0,0,0,0,0,0,9,0
060931,ヘビーメタルアーマー(欠片),6,0,0,0,0,0,0,0,0,0,0,0,0,0,0,0,9,1
061310,月桂樹の哀しみ,6,0,0,0,0,3,0,15,0,0,0,0,0,0,0,0,13,0
061311,月桂樹の哀しみ(欠片),6,0,0,0,0,0,0,0,0,0,0,0,0,0,0,0,13,1
061320,獅子王の守護,6,270,0,5,0,5,0,0,0,0,0,0,0,0,0,0,13,0
061321,獅子王の守護の設計図,6,0,0,0,0,0,0,0,0,0,0,0,0,0,0,0,13,1
061330,スカーレットダイヤ,6,70,0,4,0,0,0,0,0,0,0,0,0,0,0,0,13,0
061331,スカーレットダイヤ(欠片),6,0,0,0,0,0,0,0,0,0,0,0,0,0,0,0,13,1
061340,鷲獅子の羽飾り,6,0,44,2,0,0,0,0,0,235,0,0,0,0,0,0,13,0
061341,鷲獅子の羽飾り(欠片),6,0,0,0,0,0,0,0,0,0,0,0,0,0,0,0,13,1
070110,エンジェルブレード,7,165,0,0,0,0,0,0,0,0,0,0,0,0,0,0,1,0
070111,エンジェルブレード(欠片),7,0,0,0,0,0,0,0,0,0,0,0,0,0,0,0,1,1
070210,妖蝶の刀,7,80,0,0,0,0,0,0,0,0,0,0,0,0,0,2,2,0
070211,妖蝶の刀(欠片),7,0,0,0,0,0,0,0,0,0,0,0,0,0,0,0,2,1
070310,プレシャスナイフ,7,0,0,0,0,0,0,0,0,0,25,0,0,0,0,0,3,0
070311,プレシャスナイフの設計図,7,0,0,0,0,0,0,0,0,0,0,0,0,0,0,0,3,1
070410,火焔のガントレット,7,0,73,0,0,0,0,0,0,0,25,0,0,0,0,0,4,0
070411,火焔のガントレットの設計図,7,0,0,0,0,0,0,0,0,0,0,0,0,0,0,0,4,1
070510,雷光弓,7,0,0,0,0,4,0,0,0,0,0,0,0,0,0,0,5,0
070511,雷光弓の設計図,7,0,0,0,0,0,0,0,0,0,0,0,0,0,0,0,5,1
070610,緋竜槍,7,0,64,6,0,0,0,0,0,0,0,0,0,0,0,0,6,0
070611,緋竜槍の設計図,7,0,0,0,0,0,0,0,0,0,0,0,0,0,0,0,6,1
070710,紫龍斧,7,0,91,0,0,0,0,0,0,0,0,0,0,0,0,0,7,0
070711,紫龍斧(欠片),7,0,0,0,0,0,0,0,0,0,0,0,0,0,0,0,7,1
070810,月華杖,7,0,0,0,0,4,0,0,0,0,0,0,0,0,0,0,8,0
070811,月華杖の設計図,7,0,0,0,0,0,0,0,0,0,0,0,0,0,0,0,8,1
070820,フューリーロッド,7,0,0,0,0,0,0,0,0,0,0,0,0,0,0,0,8,0
070821,フューリーロッド(欠片),7,0,0,0,0,0,0,0,0,0,0,0,0,0,0,0,8,1
070910,大魔導師のローブ,7,165,0,2,0,4,5,0,0,0,0,0,0,0,0,0,9,0
070911,大魔導師のローブ(欠片),7,0,0,0,0,0,0,0,0,0,0,0,0,0,0,0,9,1
070920,月下の法衣,7,360,10,2,0,2,0,0,0,325,0,0,0,0,0,0,9,0
070921,月下の法衣(欠片),7,0,0,0,0,0,0,0,0,0,0,0,0,0,0,0,9,1
070930,エンジェルアーマー,7,450,0,0,0,4,0,0,0,0,0,0,0,0,0,0,9,0
070931,エンジェルアーマーの設計図,7,0,0,0,0,0,0,0,0,0,0,0,0,0,0,0,9,1
070940,インビジブルドレス,7,450,20,2,0,2,0,0,0,0,0,0,0,0,0,0,9,0
070941,インビジブルドレス(欠片),7,0,0,0,0,0,0,0,0,0,0,0,0,0,0,0,9,1
071010,エンプレスシールド,7,165,18,4,0,4,0,0,0,0,0,0,0,0,0,4,10,0
071011,エンプレスシールドの設計図,7,0,0,0,0,0,0,0,0,0,0,0,0,0,0,0,10,1
071110,ウィザードブーツ,7,165,0,4,27,6,0,0,0,0,0,0,0,0,0,0,11,0
071111,ウィザードブーツ(欠片),7,0,0,0,0,0,0,0,0,0,0,0,0,0,0,0,11,1
071120,パラディングリーブ,7,165,9,4,0,2,0,0,0,0,0,0,0,0,6,0,11,0
071121,パラディングリーブの設計図,7,0,0,0,0,0,0,0,0,0,0,0,0,0,0,0,11,1
071210,フェザーワルツ,7,490,0,4,0,0,0,0,0,0,0,0,0,0,0,0,12,0
071211,フェザーワルツの設計図,7,0,0,0,0,0,0,0,0,0,0,0,0,0,0,0,12,1
071220,ウィザードフード,7,165,0,0,37,8,0,0,0,0,0,0,0,0,0,0,12,0
071221,ウィザードフードの設計図,7,0,0,0,0,0,0,0,0,0,0,0,0,0,0,0,12,1
071310,身代わりのバングル,7,240,0,5,10,6,0,0,0,200,0,0,0,0,0,0,13,0
071311,身代わりのバングル(欠片),7,0,0,0,0,0,0,0,0,0,0,0,0,0,0,0,13,1
071320,三日月の嘆き,7,100,0,0,60,0,0,0,0,0,25,0,6,0,0,0,13,0
071321,三日月の嘆き(欠片),7,0,0,0,0,0,0,0,0,0,0,0,0,0,0,0,13,1
071330,エレメンタルハート,7,0,66,2,0,0,5,0,0,0,0,10,0,0,0,0,13,0
071331,エレメンタルハート(欠片),7,0,0,0,0,0,0,0,0,0,0,0,0,0,0,0,13,1
080110,太陽剣,8,70,80,0,0,0,0,0,0,0,15,0,0,0,0,0,1,0
080111,太陽剣(欠片),8,0,0,0,0,0,0,0,0,0,0,0,0,0,0,0,1,1
080210,光輝の剣,8,0,84,0,0,0,10,0,0,0,0,0,0,0,0,0,2,0
080211,光輝の剣の設計図,8,0,0,0,0,0,0,0,0,0,0,0,0,0,0,0,2,1
080310,プリンセスの懐剣,8,50,75,0,0,0,0,0,0,300,0,0,0,0,0,0,3,0
080311,プリンセスの懐剣(欠片),8,0,0,0,0,0,0,0,0,0,0,0,0,0,0,0,3,1
080410,獅子王のガントレット,8,0,81,0,0,0,12,0,0,0,0,10,0,0,0,0,4,0
080411,獅子王のガントレット(欠片),8,0,0,0,0,0,0,0,0,0,0,0,0,0,0,0,4,1
080510,エンジェルボウ,8,0,65,0,0,4,5,0,0,120,0,0,0,0,0,0,5,0
080511,エンジェルボウ(欠片),8,0,0,0,0,0,0,0,0,0,0,0,0,0,0,0,5,1
080610,クイーンビースピア,8,0,68,5,0,2,0,0,0,0,0,0,0,0,0,0,6,0
080611,クイーンビースピア(欠片),8,0,0,0,0,0,0,0,0,0,0,0,0,0,0,0,6,1
080710,ヘルファイアアックス,8,0,97,0,0,0,0,0,0,0,0,0,0,0,0,0,7,0
080711,ヘルファイアアックスの設計図,8,0,0,0,0,0,0,0,0,0,0,0,0,0,0,0,7,1
080810,生命のロッド,8,0,0,0,67,4,0,15,0,0,0,0,0,0,0,0,8,0
080811,生命のロッド(欠片),8,0,0,0,0,0,0,0,0,0,0,0,0,0,0,0,8,1
080820,太陽のロッド,8,0,0,0,92,0,0,0,0,0,0,0,0,0,0,1,8,0
080821,太陽のロッド(欠片),8,0,0,0,0,0,0,0,0,0,0,0,0,0,0,0,8,1
080910,ハーミットクロース,8,180,35,5,0,3,0,0,0,0,0,0,0,0,1,0,9,0
080911,ハーミットクロースの設計図,8,0,0,0,0,0,0,0,0,0,0,0,0,0,0,0,9,1
080920,聖者のローブ,8,240,0,2,37,4,0,5,0,0,0,0,0,0,0,0,9,0
080921,聖者のローブの設計図,8,0,0,0,0,0,0,0,0,0,0,0,0,0,0,0,9,1
080930,バーミリオンメイル,8,300,0,4,0,4,0,0,0,400,0,0,0,0,0,0,9,0
080931,バーミリオンメイルの設計図,8,0,0,0,0,0,0,0,0,0,0,0,0,0,0,0,9,1
080940,ミスリルプレート,8,250,25,3,0,2,0,0,0,0,25,0,0,0,0,0,9,0
080941,ミスリルプレートの設計図,8,0,0,0,0,0,0,0,0,0,0,0,0,0,0,0,9,1
081110,エンジェルブーツ,8,220,0,3,0,3,0,15,0,0,0,0,0,0,5,0,11,0
081111,エンジェルブーツの設計図,8,0,0,0,0,0,0,0,0,0,0,0,0,0,0,0,11,1
081210,法王のフード,8,90,0,0,45,4,0,0,0,0,20,0,5,0,0,0,12,0
081211,法王のフードの設計図,8,0,0,0,0,0,0,0,0,0,0,0,0,0,0,0,12,1
090110,アイスクレイモア,9,0,85,0,0,0,5,0,0,0,0,10,0,0,0,0,1,0
090111,アイスクレイモア(欠片),9,0,0,0,0,0,0,0,0,0,0,0,0,0,0,0,1,1
090210,鷹神の煌剣,9,0,105,0,0,0,0,0,0,0,0,15,0,0,0,0,2,0
090211,鷹神の煌剣(欠片),9,0,0,0,0,0,0,0,0,0,0,0,0,0,0,0,2,1
090310,ダークマターエッジ,9,0,80,0,0,5,0,0,0,150,0,0,0,0,0,0,3,0
090311,ダークマターエッジ(欠片),9,0,0,0,0,0,0,0,0,0,0,0,0,0,0,0,3,1
090410,ブリザードクロー,9,0,90,0,0,0,0,0,5,0,0,10,0,0,0,0,4,0
090411,ブリザードクローの設計図,9,0,0,0,0,0,0,0,0,0,0,0,0,0,0,0,4,1
090510,アルテミスボウ,9,0,75,0,0,6,0,0,0,0,0,15,0,0,0,0,5,0
090511,アルテミスボウ(欠片),9,0,0,0,0,0,0,0,0,0,0,0,0,0,0,0,5,1
090610,ストームブリンガー,9,0,85,3,0,2,0,0,0,0,0,5,0,0,0,0,6,0
090611,ストームブリンガーの設計図,9,0,0,0,0,0,0,0,0,0,0,0,0,0,0,0,6,1
090710,戦女王の烈斧,9,0,114,0,0,0,0,0,0,0,0,0,0,0,0,0,7,0
090711,戦女王の烈斧(欠片),9,0,0,0,0,0,0,0,0,0,0,0,0,0,0,0,7,1
090810,司法神の錫杖,9,0,0,0,104,0,0,0,0,0,0,0,5,0,0,0,8,0
090811,司法神の錫杖(欠片),9,0,0,0,0,0,0,0,0,0,0,0,0,0,0,0,8,1
090820,フェニックスロッド,9,0,0,0,77,4,0,0,5,0,0,0,0,0,0,0,8,0
090821,フェニックスロッドの設計図,9,0,0,0,0,0,0,0,0,0,0,0,0,0,0,0,8,1
090910,バイオレットアーマー,9,300,0,4,0,10,0,0,0,0,0,0,0,0,0,0,9,0
090911,バイオレットアーマーの設計図,9,0,0,0,0,0,0,0,0,0,0,0,0,0,0,0,9,1
090920,蒼天のローブ,9,200,45,3,0,2,0,0,0,0,0,10,0,0,0,0,9,0
090921,蒼天のローブの設計図,9,0,0,0,0,0,0,0,0,0,0,0,0,0,0,0,9,1
090930,クルセイダープレート,9,150,35,5,0,4,0,0,0,0,0,10,0,0,0,0,9,0
090931,クルセイダープレートの設計図,9,0,0,0,0,0,0,0,0,0,0,0,0,0,0,0,9,1
091010,ガーディアンシールド,9,0,50,4,0,4,0,0,0,0,0,0,0,0,0,3,10,0
091011,ガーディアンシールドの設計図,9,0,0,0,0,0,0,0,0,0,0,0,0,0,0,0,10,1
091110,ネクロマンサーブーツ,9,100,0,1,15,12,0,0,0,200,0,0,0,0,0,0,11,0
091111,ネクロマンサーブーツの設計図,9,0,0,0,0,0,0,0,0,0,0,0,0,0,0,0,11,1
091210,福音のティアラ,9,100,0,3,45,5,0,0,0,0,0,0,5,0,0,0,12,0
091211,福音のティアラの設計図,9,0,0,0,0,0,0,0,0,0,0,0,0,0,0,0,12,1
091310,竜の涙,9,120,0,0,70,0,0,0,0,120,0,0,8,0,0,0,13,0
091311,竜の涙(欠片),9,0,0,0,0,0,0,0,0,0,0,0,0,0,0,0,13,1
091320,太陽のアミュレット,9,0,70,0,0,2,0,10,0,0,0,10,0,0,0,0,13,0
091321,太陽のアミュレット(欠片),9,0,0,0,0,0,0,0,0,0,0,0,0,0,0,0,13,1
091330,月のブレスレット,9,300,0,9,0,5,0,0,0,0,0,0,0,0,0,0,13,0
091331,月のブレスレット(欠片),9,0,0,0,0,0,0,0,0,0,0,0,0,0,0,0,13,1
100110,カオスブレード,10,140,95,0,0,0,0,0,0,0,0,0,0,0,0,2,1,0
100111,カオスブレード(欠片),10,0,0,0,0,0,0,0,0,0,0,0,0,0,0,0,1,1
100210,鳳凰刀,10,0,110,0,0,0,0,0,0,100,0,10,0,0,0,0,2,0
100211,鳳凰刀の設計図,10,0,0,0,0,0,0,0,0,0,0,0,0,0,0,0,2,1
100310,ユニコーンナイフ,10,100,84,0,0,0,0,0,0,150,0,0,0,5,0,0,3,0
100311,ユニコーンナイフの設計図,10,0,0,0,0,0,0,0,0,0,0,0,0,0,0,0,3,1
100410,蒼雷拳,10,0,100,0,0,4,0,0,0,0,0,10,0,0,0,0,4,0
100411,蒼雷拳(欠片),10,0,0,0,0,0,0,0,0,0,0,0,0,0,0,0,4,1
100510,精霊樹の弓,10,0,80,0,0,4,0,0,0,60,0,0,0,5,0,0,5,0
100511,精霊樹の弓(欠片),10,0,0,0,0,0,0,0,0,0,0,0,0,0,0,0,5,1
100610,ガイアバルディッシュ,10,0,80,3,0,2,3,0,0,0,0,0,0,0,0,0,6,0
100611,ガイアバルディッシュ(欠片),10,0,0,0,0,0,0,0,0,0,0,0,0,0,0,0,6,1
100710,アクアスラッシャー,10,0,120,0,0,0,0,0,0,0,0,10,0,0,0,0,7,0
100711,アクアスラッシャー(欠片),10,0,0,0,0,0,0,0,0,0,0,0,0,0,0,0,7,1
100810,ハイエンジェルロッド,10,0,0,0,86,4,0,5,0,100,0,0,0,0,0,0,8,0
100811,ハイエンジェルロッド(欠片),10,0,0,0,0,0,0,0,0,0,0,0,0,0,0,0,8,1
100820,ハイデビルズワンド,10,0,0,0,108,0,0,0,0,100,0,0,5,0,0,1,8,0
100821,ハイデビルズワンドの設計図,10,0,0,0,0,0,0,0,0,0,0,0,0,0,0,0,8,1
100910,スカーレットメイル,10,160,44,4,0,3,0,0,0,0,0,10,0,0,0,0,9,0
100911,スカーレットメイルの設計図,10,0,0,0,0,0,0,0,0,0,0,0,0,0,0,0,9,1
100920,翠緑の霊衣,10,200,0,4,25,6,0,3,0,0,0,0,0,0,0,0,9,0
100921,翠緑の霊衣の設計図,10,0,0,0,0,0,0,0,0,0,0,0,0,0,0,0,9,1
100930,ダークテラードレス,10,200,30,7,0,0,0,0,0,250,0,0,0,0,0,0,9,0
100931,ダークテラードレスの設計図,10,0,0,0,0,0,0,0,0,0,0,0,0,0,0,0,9,1
100940,ドラゴニックアーマー,10,100,0,7,0,10,0,0,0,0,0,0,0,0,0,1,9,0
100941,ドラゴニックアーマーの設計図,10,0,0,0,0,0,0,0,0,0,0,0,0,0,0,0,9,1
101110,フェアリアルブーツ,10,0,38,0,0,3,0,10,0,0,0,0,0,0,5,0,11,0
101111,フェアリアルブーツの設計図,10,0,0,0,0,0,0,0,0,0,0,0,0,0,0,0,11,1
101120,アクエリアスブーツ,10,40,0,0,50,5,0,0,2,0,0,0,7,0,0,0,11,0
101121,アクエリアスブーツの設計図,10,0,0,0,0,0,0,0,0,0,0,0,0,0,0,0,11,1
101310,猫神のペンダント,10,0,54,0,0,0,0,0,0,0,0,8,0,10,2,0,13,0
101311,猫神のペンダント(欠片),10,0,0,0,0,0,0,0,0,0,0,0,0,0,0,0,13,1
101320,聖信徒のペンダント,10,200,0,6,0,6,0,10,0,0,0,0,0,0,0,0,13,0
101321,聖信徒のペンダント(欠片),10,0,0,0,0,0,0,0,0,0,0,0,0,0,0,0,13,1
101330,焔帝の指輪,10,200,74,0,0,0,0,0,0,0,0,12,0,0,0,0,13,0
101331,焔帝の指輪(欠片),10,0,0,0,0,0,0,0,0,0,0,0,0,0,0,0,13,1
101340,大賢者の宝珠,10,0,0,0,80,0,0,0,0,0,16,0,10,0,0,0,13,0
101341,大賢者の宝珠(欠片),10,0,0,0,0,0,0,0,0,0,0,0,0,0,0,0,13,1
110110,ライトニングブレード,11,120,105,0,0,0,0,0,0,0,0,10,0,3,0,0,1,0
110111,ライトニングブレード(欠片),11,0,0,0,0,0,0,0,0,0,0,0,0,0,0,0,1,1
110210,百華白桜刀,11,0,118,0,0,0,0,0,0,0,0,12,0,3,0,0,2,0
110211,百華白桜刀(欠片),11,0,0,0,0,0,0,0,0,0,0,0,0,0,0,0,2,1
110310,エメラルドダガー,11,120,100,0,0,0,0,0,0,150,0,20,0,0,0,0,3,0
110311,エメラルドダガー(欠片),11,0,0,0,0,0,0,0,0,0,0,0,0,0,0,0,3,1
110410,ムーンセスタス,11,0,120,0,0,0,0,0,0,0,0,6,0,3,0,0,4,0
110411,ムーンセスタスの設計図,11,0,0,0,0,0,0,0,0,0,0,0,0,0,0,0,4,1
110510,白銀の大翼弓,11,0,100,0,0,4,2,0,0,0,0,4,0,0,0,0,5,0
110511,白銀の大翼弓の設計図,11,0,0,0,0,0,0,0,0,0,0,0,0,0,0,0,5,1
110610,ゼロフロストランス,11,0,98,4,0,2,0,0,0,0,0,10,0,0,0,0,6,0
110611,ゼロフロストランス(欠片),11,0,0,0,0,0,0,0,0,0,0,0,0,0,0,0,6,1
110710,ネクロディムアックス,11,0,120,0,0,0,0,0,0,0,0,0,0,1,0,2,7,0
110711,ネクロディムアックスの設計図,11,0,0,0,0,0,0,0,0,0,0,0,0,0,0,0,7,1
110810,ゼノスフィアロッド,11,0,0,0,100,0,0,0,3,0,0,0,10,0,0,0,8,0
110811,ゼノスフィアロッド(欠片),11,0,0,0,0,0,0,0,0,0,0,0,0,0,0,0,8,1
110820,フレイアムルロッド,11,0,0,0,95,4,0,6,0,120,0,0,0,0,0,0,8,0
110821,フレイアムルロッド(欠片),11,0,0,0,0,0,0,0,0,0,0,0,0,0,0,0,8,1
110910,ファンタズムメイル,11,100,32,6,0,4,3,0,0,0,0,0,0,0,0,0,9,0
110911,ファンタズムメイルの設計図,11,0,0,0,0,0,0,0,0,0,0,0,0,0,0,0,9,1
110920,蒼輝の鎧,11,120,0,10,0,9,0,0,0,0,0,0,0,0,0,0,9,0
110921,蒼輝の鎧の設計図,11,0,0,0,0,0,0,0,0,0,0,0,0,0,0,0,9,1
110930,イージスコート,11,100,34,4,0,2,0,0,0,0,0,0,0,10,0,0,9,0
110931,イージスコートの設計図,11,0,0,0,0,0,0,0,0,0,0,0,0,0,0,0,9,1
110940,純潔の巫女装束,11,120,0,5,20,7,3,0,0,0,0,0,0,0,0,0,9,0
110941,純潔の巫女装束の設計図,11,0,0,0,0,0,0,0,0,0,0,0,0,0,0,0,9,1
111010,星詠みの円盾,11,0,54,5,0,3,0,0,0,0,0,0,0,0,2,0,10,0
111011,星詠みの円盾の設計図,11,0,0,0,0,0,0,0,0,0,0,0,0,0,0,0,10,1
111210,忘哭の冠,11,100,0,3,48,5,0,0,0,0,0,0,8,0,0,0,12,0
111211,忘哭の冠の設計図,11,0,0,0,0,0,0,0,0,0,0,0,0,0,0,0,12,1
111310,ミレニアムイヤリング,11,70,64,0,0,0,0,0,0,0,0,10,0,10,0,0,13,0
111311,ミレニアムイヤリング(欠片),11,0,0,0,0,0,0,0,0,0,0,0,0,0,0,0,13,1
111320,海神の耳飾り,11,0,0,0,78,0,0,0,3,0,0,0,8,0,0,0,13,0
111321,海神の耳飾り(欠片),11,0,0,0,0,0,0,0,0,0,0,0,0,0,0,0,13,1
111330,精霊王の護石,11,200,0,10,0,6,0,0,0,100,0,0,0,0,0,0,13,0
111331,精霊王の護石(欠片),11,0,0,0,0,0,0,0,0,0,0,0,0,0,0,0,13,1
120110,天開の聖剣,12,120,115,0,0,0,0,0,0,0,0,0,0,3,0,0,1,0
120111,天開の聖剣の設計図,12,0,0,0,0,0,0,0,0,0,0,0,0,0,0,0,1,1
120210,流渦の蒼刃,12,0,120,0,0,0,0,6,0,0,0,12,0,0,0,0,2,0
120211,流渦の蒼刃(欠片),12,0,0,0,0,0,0,0,0,0,0,0,0,0,0,0,2,1
120310,ラヴァエッジ,12,40,115,0,0,0,2,0,0,0,0,20,0,0,0,0,3,0
120311,ラヴァエッジの設計図,12,0,0,0,0,0,0,0,0,0,0,0,0,0,0,0,3,1
120410,クリムゾンクロー,12,0,130,0,0,0,0,0,0,0,0,16,0,0,0,0,4,0
120411,クリムゾンクロー(欠片),12,0,0,0,0,0,0,0,0,0,0,0,0,0,0,0,4,1
120510,アビスボウ,12,0,110,0,0,3,0,0,0,0,0,7,0,0,0,2,5,0
120511,アビスボウ(欠片),12,0,0,0,0,0,0,0,0,0,0,0,0,0,0,0,5,1
120610,ゲイルスティンガー,12,0,92,4,0,3,0,0,0,0,0,0,0,0,2,0,6,0
120611,ゲイルスティンガーの設計図,12,0,0,0,0,0,0,0,0,0,0,0,0,0,0,0,6,1
120710,神判の聖斧,12,0,120,0,0,0,3,0,0,0,0,10,0,0,0,0,7,0
120711,神判の聖斧(欠片),12,0,0,0,0,0,0,0,0,0,0,0,0,0,0,0,7,1
120810,ジェネシスロッド,12,0,0,0,110,0,0,0,0,0,20,0,12,0,0,0,8,0
120811,ジェネシスロッド(欠片),12,0,0,0,0,0,0,0,0,0,0,0,0,0,0,0,8,1
120820,神花の聖杖,12,0,0,2,92,3,0,0,2,0,10,0,0,0,0,0,8,0
120821,神花の聖杖の設計図,12,0,0,0,0,0,0,0,0,0,0,0,0,0,0,0,8,1
121310,聖獣の祈念,12,140,0,0,84,0,0,0,0,0,0,0,10,0,0,0,13,0
121311,聖獣の祈念(欠片),12,0,0,0,0,0,0,0,0,0,0,0,0,0,0,0,13,1
121320,赫怒竜のペンダント,12,0,84,0,0,0,0,0,0,0,25,13,0,0,0,0,13,0
121321,赫怒竜のペンダント(欠片),12,0,0,0,0,0,0,0,0,0,0,0,0,0,0,0,13,1
121330,人魚姫の霊涙,12,60,0,12,0,8,0,2,0,0,0,0,0,0,0,0,13,0
121331,人魚姫の霊涙(欠片),12,0,0,0,0,0,0,0,0,0,0,0,0,0,0,0,13,1
121210,白祈の聖冠,12,0,0,0,22,10,0,0,0,0,12,0,0,0,0,0,12,0
121211,白祈の聖冠の設計図,12,0,0,0,0,0,0,0,0,0,0,0,0,0,0,0,12,1
121110,インファナルグリーブ,12,60,30,8,0,6,0,0,0,0,0,10,0,0,0,0,11,0
121111,インファナルグリーブの設計図,12,0,0,0,0,0,0,0,0,0,0,0,0,0,0,0,11,1
120910,九天の鎧,12,80,42,6,0,6,0,0,0,0,0,0,0,0,0,0,9,0
120911,九天の鎧の設計図,12,0,0,0,0,0,0,0,0,0,0,0,0,0,0,0,9,1
120920,エンプレスローブ,12,0,0,5,43,7,0,0,0,0,0,0,8,0,0,0,9,0
120921,エンプレスローブの設計図,12,0,0,0,0,0,0,0,0,0,0,0,0,0,0,0,9,1
120930,メイデンクロース,12,160,0,6,0,10,0,0,0,0,0,0,0,0,2,0,9,0
120931,メイデンクロースの設計図,12,0,0,0,0,0,0,0,0,0,0,0,0,0,0,0,9,1
120940,聖櫻の鎧,12,0,0,11,0,10,0,0,0,100,0,0,0,0,0,0,9,0
120941,聖櫻の鎧の設計図,12,0,0,0,0,0,0,0,0,0,0,0,0,0,0,0,9,1
130110,罪過の大剣,13,140,120,0,0,0,0,0,0,0,8,0,0,0,0,0,1,0
130111,罪過の大剣の設計図,13,0,0,0,0,0,0,0,0,0,0,0,0,0,0,0,1,1
130310,ティルナノーグダガー,13,60,120,0,0,0,0,0,0,120,0,16,0,0,0,0,3,0
130311,ティルナノーグダガー(欠片),13,0,0,0,0,0,0,0,0,0,0,0,0,0,0,0,3,1
130210,妖刀血鴉,13,0,120,0,0,0,0,0,0,0,0,14,0,0,0,2,2,0
130211,妖刀血鴉の設計図,13,0,0,0,0,0,0,0,0,0,0,0,0,0,0,0,2,1
130410,コキュートスネイル,13,0,120,3,0,0,0,0,0,0,0,14,0,0,0,0,4,0
130411,コキュートスネイルの設計図,13,0,0,0,0,0,0,0,0,0,0,0,0,0,0,0,4,1
130510,紅天弓,13,0,126,0,0,0,0,0,0,0,0,15,0,3,0,0,5,0
130511,紅天弓(欠片),13,0,0,0,0,0,0,0,0,0,0,0,0,0,0,0,5,1
130610,護天の聖槍,13,0,102,4,0,4,0,0,0,0,0,0,0,0,0,0,6,0
130611,護天の聖槍(欠片),13,0,0,0,0,0,0,0,0,0,0,0,0,0,0,0,6,1
130710,ガイアアクス,13,60,130,0,0,0,0,0,0,0,0,12,0,0,0,0,7,0
130711,ガイアアクスの設計図,13,0,0,0,0,0,0,0,0,0,0,0,0,0,0,0,7,1
130810,アトランティスロッド,13,0,0,3,100,4,0,0,0,120,0,0,0,0,0,0,8,0
130811,アトランティスロッドの設計図,13,0,0,0,0,0,0,0,0,0,0,0,0,0,0,0,8,1
130820,ケラウノスワンド,13,0,0,0,118,0,2,0,0,0,0,0,14,0,0,0,8,0
130821,ケラウノスワンドの設計図,13,0,0,0,0,0,0,0,0,0,0,0,0,0,0,0,8,1
131310,闘神の荒腕,13,0,102,0,0,0,0,0,0,0,0,24,0,0,0,0,13,0
131311,闘神の荒腕(欠片),13,0,0,0,0,0,0,0,0,0,0,0,0,0,0,0,13,1
131320,英盾王の腕輪,13,0,0,10,0,10,0,0,2,0,0,0,0,0,0,0,13,0
131321,英盾王の腕輪(欠片),13,0,0,0,0,0,0,0,0,0,0,0,0,0,0,0,13,1
131330,ソフォスブレスレット,13,0,0,0,92,0,0,0,0,120,0,0,14,0,0,0,13,0
131331,ソフォスブレスレット(欠片),13,0,0,0,0,0,0,0,0,0,0,0,0,0,0,0,13,1